new_timestamp,electricity,power
2012-11-20,46.0,214.6943054
2012-11-21,6786.5,443.8051453
2012-11-22,7195.375,406.1679382
2012-11-23,6479.5625,371.5498962
2012-11-24,5973.3125,345.2632141
2012-11-25,6100.875,341.96603389999996
2012-11-26,7037.5625,401.3394165
2012-11-27,7077.6875,413.4913635
2012-11-28,6747.9375,389.83892819999994
2012-11-29,6445.25,360.80850219999996
2012-11-30,6297.189941,357.7228088
2012-12-01,6059.449707,320.933197
2012-12-02,6089.324219,320.19812010000004
2012-12-03,6847.948242,387.6066284
2012-12-04,6487.527344,355.99499510000004
2012-12-05,6906.697265999999,391.3293762
2012-12-06,6841.136719,392.70352169999995
2012-12-07,6806.976562999999,397.15759280000003
2012-12-08,6230.6875,343.52096560000007
2012-12-09,6309.566406,349.5065002
2012-12-10,6812.519531,395.41345210000003
2012-12-11,7105.078125,396.4961243
2012-12-12,6972.179687999999,398.61413569999996
2012-12-13,7146.34375,390.53506469999996
2012-12-14,7041.34375,397.13208010000005
2012-12-15,6930.085937999999,371.6474915
2012-12-16,6805.273437999999,355.9856873
2012-12-17,6798.117187999999,374.4646606
2012-12-18,4908.59375,271.5354614
2012-12-19,4967.65625,277.9746399
2012-12-20,4855.445313,277.0877075
2012-12-21,4770.859375,265.3318481
2012-12-22,4327.53125,231.32608030000003
2012-12-23,4287.75,224.26084900000004
2012-12-24,4538.015625,265.7101135
2012-12-25,4239.109375,220.8554535
2012-12-26,4238.703125,223.5592499
2012-12-27,4256.21875,224.77613829999999
2012-12-28,4258.390625,222.37222290000003
2012-12-29,4248.4375,223.8393707
2012-12-30,4234.0,223.16621400000002
2012-12-31,4263.9375,223.9389648
2013-01-01,4236.53125,220.27091980000003
2013-01-02,5427.453125,315.89041139999995
2013-01-03,5570.953125,331.12524410000003
2013-01-04,5186.328125,304.4630127
2013-01-05,4633.28125,264.0040894
2013-01-06,4785.8125,264.4388123
2013-01-07,5539.03125,317.41513060000005
2013-01-08,5643.328125,332.9709778
2013-01-09,5635.5,332.633606
2013-01-10,5555.5,335.0446472
2013-01-11,5626.015625,318.18298339999996
2013-01-12,5201.359375,293.454895
2013-01-13,5324.46875,295.27771
2013-01-14,6200.0,371.0436096
2013-01-15,6130.578125,353.8398132
2013-01-16,6206.734375,365.5973816
2013-01-17,6136.9375,361.90811160000004
2013-01-18,5758.4375,331.99084469999997
2013-01-19,5247.5,293.30978389999996
2013-01-20,5110.75,271.6756287
2013-01-21,6050.0625,348.8230896
2013-01-22,6065.03125,338.27572630000003
2013-01-23,5759.96875,326.0627747
2013-01-24,5764.6875,328.4659119
2013-01-25,5511.75,318.0068359
2013-01-26,4933.5,263.6315002
2013-01-27,4935.53125,261.03115840000004
2013-01-28,5908.1875,329.9465942
2013-01-29,5849.25,328.1479187
2013-01-30,5828.5625,328.208252
2013-01-31,6190.6875,350.50424189999995
2013-02-01,5994.03125,327.7936401
2013-02-02,5237.09375,283.47677610000005
2013-02-03,5211.71875,279.08078
2013-02-04,6300.8125,349.2626648
2013-02-05,6321.34375,349.4094543
2013-02-06,7007.8125,479.51947019999994
2013-02-07,7407.09375,435.8842468
2013-02-08,7117.09375,405.5456848
2013-02-09,6824.875,389.41479489999995
2013-02-10,6742.46875,406.9231567
2013-02-11,6320.78125,385.433136
2013-02-12,7536.875,413.0954285
2013-02-13,7194.03125,406.8553162
2013-02-14,7148.0,418.4180298
2013-02-15,6545.59375,381.7481689
2013-02-16,5997.9375,341.41210939999996
2013-02-17,6425.71875,376.42321780000003
2013-02-18,6793.9375,393.1190186
2013-02-19,6718.28125,388.20837400000005
2013-02-20,7041.5625,401.7091675
2013-02-21,6988.34375,393.73080439999995
2013-02-22,6924.21875,403.39077760000004
2013-02-23,6470.96875,357.2579041
2013-02-24,6523.09375,371.0559387
2013-02-25,7360.65625,409.8151245
2013-02-26,7485.59375,416.4031677
2013-02-27,7304.375,410.2336121
2013-02-28,7474.5625,420.6420593
2013-03-01,6773.625,381.9941711
2013-03-02,6155.9375,346.32046510000004
2013-03-03,6431.625,388.5
2013-03-04,7188.5,393.2867432
2013-03-05,7270.125,407.3401489
2013-03-06,6966.25,394.00247189999993
2013-03-07,7114.3125,403.8540955
2013-03-08,6601.6875,405.1005249
2013-03-09,5983.0625,362.1704407
2013-03-10,5992.4375,340.5804443
2013-03-11,7080.25,396.17834469999997
2013-03-12,7022.4375,400.57656860000003
2013-03-13,6619.75,379.5470581
2013-03-14,6483.125,373.5119019
2013-03-15,6127.1875,373.10195919999995
2013-03-16,6020.4375,336.7043457
2013-03-17,6072.25,359.6873169
2013-03-18,6828.5,395.74743650000005
2013-03-19,7114.625,406.42944339999997
2013-03-20,6669.25,376.6144409
2013-03-21,6807.8125,404.0245361
2013-03-22,6814.5,383.9921875
2013-03-23,6129.1875,334.0223389
2013-03-24,6018.9375,362.66299439999995
2013-03-25,6323.625,375.95013430000006
2013-03-26,6270.125,369.13220210000003
2013-03-27,6144.5,363.97717289999997
2013-03-28,5921.6875,337.151886
2013-03-29,4866.875,263.2233276
2013-03-30,5355.9375,296.8310852
2013-03-31,5282.0,305.3807983
2013-04-01,4883.5625,259.68435669999997
2013-04-02,6106.625,351.79153439999993
2013-04-03,6094.5625,344.263855
2013-04-04,6117.0,344.23345950000004
2013-04-05,5831.125,333.4737854
2013-04-06,5670.5625,314.737915
2013-04-07,5900.375,321.6051636
2013-04-08,6229.0,353.1526184
2013-04-09,6236.75,341.4252014
2013-04-10,6312.8125,359.1308899
2013-04-11,6198.625,371.59140010000004
2013-04-12,6999.0,398.14334110000004
2013-04-13,6500.6875,359.5335083
2013-04-14,6099.75,365.2568359
2013-04-15,6261.25,366.6871643
2013-04-16,6222.5,359.95272830000005
2013-04-17,6110.3125,336.0629883
2013-04-18,6210.3125,350.7619019
2013-04-19,6324.3125,367.829895
2013-04-20,5777.3125,317.42907710000003
2013-04-21,5984.3125,328.9944153
2013-04-22,6234.0,387.7473145
2013-04-23,6051.75,356.61318969999996
2013-04-24,5508.875,327.6502075
2013-04-25,5589.75,329.38415530000003
2013-04-26,5362.1875,307.2380066
2013-04-27,4903.1875,259.52764890000003
2013-04-28,4892.875,267.60928340000004
2013-04-29,5472.75,338.7749023
2013-04-30,5464.6875,332.43530269999997
2013-05-01,5493.75,320.2141418
2013-05-02,5534.0625,325.99771119999997
2013-05-03,5426.5625,336.6672668
2013-05-04,4955.625,286.7931519
2013-05-05,5138.25,318.00500489999996
2013-05-06,6214.9375,421.3721619
2013-05-07,6012.5,396.6187744
2013-05-08,5633.375,374.2595215
2013-05-09,5700.0625,399.2368164
2013-05-10,5690.75,384.1985474
2013-05-11,4946.875,302.7418518
2013-05-12,4889.25,299.0158081
2013-05-13,5262.8125,306.91711430000004
2013-05-14,5297.0625,350.3639221
2013-05-15,5236.9375,328.1396484
2013-05-16,5224.9375,349.2284851
2013-05-17,4990.75,297.4912109
2013-05-18,4397.3125,251.0821228
2013-05-19,4592.75,275.9388733
2013-05-20,4333.875,229.035553
2013-05-21,4912.6875,287.2691345
2013-05-22,4977.4375,292.9178162
2013-05-23,4886.625,282.1280823
2013-05-24,5123.8125,363.8527222
2013-05-25,4335.8125,241.7878571
2013-05-26,4230.625,221.34985350000002
2013-05-27,4990.0,290.4454041
2013-05-28,4927.5,287.4952698
2013-05-29,5015.75,305.3480225
2013-05-30,4853.5,319.4714355
2013-05-31,5315.75,373.6557617
2013-06-01,4603.375,233.4827881
2013-06-02,4833.0,279.3400574
2013-06-03,5649.125,370.2637329
2013-06-04,6009.0,384.2117615
2013-06-05,6199.875,403.7644043
2013-06-06,6196.125,401.17938230000004
2013-06-07,5967.5,396.14819339999997
2013-06-08,4894.375,271.0719299
2013-06-09,5112.625,305.8015747
2013-06-10,5766.375,377.15124510000004
2013-06-11,5692.75,372.9303589
2013-06-12,5634.875,399.5827026
2013-06-13,5636.625,377.7530212
2013-06-14,5631.125,340.3656921
2013-06-15,5177.5,319.994873
2013-06-16,5513.875,319.0647583
2013-06-17,6513.0,415.059021
2013-06-18,6447.25,423.7573853
2013-06-19,6151.875,405.3613586
2013-06-20,5701.875,331.57070919999995
2013-06-21,5960.75,382.8972473
2013-06-22,5512.5,319.40896610000004
2013-06-23,5227.375,312.024231
2013-06-24,5843.875,347.6360168
2013-06-25,6062.75,376.7850342
2013-06-26,6228.625,408.7111206
2013-06-27,6055.25,364.71002200000004
2013-06-28,6207.625,394.941803
2013-06-29,6234.75,366.28961180000005
2013-06-30,6765.0,388.6416626
2013-07-01,7170.75,403.7160645
2013-07-02,7700.375,464.04934689999993
2013-07-03,7454.875,465.4909058
2013-07-04,6989.0,455.40365599999996
2013-07-05,6875.0,424.55145260000006
2013-07-06,5927.0,347.78033450000004
2013-07-07,5988.25,351.3596497
2013-07-08,6752.375,429.908783
2013-07-09,7219.125,435.3893127
2013-07-10,6835.75,435.6563416
2013-07-11,6411.75,404.42965699999996
2013-07-12,6357.0,422.27770999999996
2013-07-13,5759.125,342.9502869
2013-07-14,6099.875,357.9067688
2013-07-15,6808.0,424.47363279999996
2013-07-16,6874.375,424.7733765
2013-07-17,7353.5,445.0779114
2013-07-18,7148.0,445.0487976
2013-07-19,7210.625,447.49118039999996
2013-07-20,6333.5,367.8873596
2013-07-21,6246.25,362.6941223
2013-07-22,7034.125,458.59655760000004
2013-07-23,7455.125,458.469696
2013-07-24,7426.625,469.54309079999996
2013-07-25,7352.75,453.6655273
2013-07-26,7208.25,451.579071
2013-07-27,6134.875,359.3829956
2013-07-28,6294.5,375.8869934
2013-07-29,7021.25,441.72009280000003
2013-07-30,7248.75,445.9544067
2013-07-31,7377.0,473.4465331999999
2013-08-01,7064.875,440.8892212
2013-08-02,6060.625,346.7975464
2013-08-03,4227.25,218.35411069999998
2013-08-04,4428.25,244.91485600000001
2013-08-05,4534.25,251.42300419999998
2013-08-06,5989.625,447.2822266
2013-08-07,7465.625,439.22247310000006
2013-08-08,7268.375,424.19104000000004
2013-08-09,7078.25,440.93197630000003
2013-08-10,6235.125,367.1317139
2013-08-11,5569.0,341.2669373
2013-08-12,6516.75,411.4390869
2013-08-13,6706.625,409.1775818
2013-08-14,6783.25,416.1687927
2013-08-15,6629.375,393.91375730000004
2013-08-16,6661.25,400.3486328
2013-08-17,5888.875,321.8240356
2013-08-18,5659.5,330.4781494
2013-08-19,6395.5,392.5330505
2013-08-20,6447.125,405.15225219999996
2013-08-21,6654.0,421.08728030000003
2013-08-22,6738.25,424.67538449999995
2013-08-23,6496.625,408.11419680000006
2013-08-24,5628.375,317.9810486
2013-08-25,5802.625,341.5888977
2013-08-26,6451.75,397.9289246
2013-08-27,6550.125,402.40524289999996
2013-08-28,6263.125,455.7418823
2013-08-29,6652.25,410.8483887
2013-08-30,6087.625,393.8729248
2013-08-31,5634.0,345.8225708
2013-09-01,5812.125,332.92181400000004
2013-09-02,5707.625,337.0578918
2013-09-03,6810.75,418.8135376
2013-09-04,6908.75,420.6791382
2013-09-05,6636.375,391.10998539999997
2013-09-06,6780.75,427.58251950000005
2013-09-07,5221.5,279.4489136
2013-09-08,5140.5,301.4624023
2013-09-09,6001.75,359.856842
2013-09-10,6118.625,368.7797546
2013-09-11,7591.0,462.444519
2013-09-12,7912.5,475.2429199
2013-09-13,7743.75,466.577179
2013-09-14,6839.125,363.35742189999996
2013-09-15,6645.0,349.3442383
2013-09-16,6895.0,395.9293518
2013-09-17,6518.625,451.48843380000005
2013-09-18,6293.375,400.4211121
2013-09-19,6725.25,427.5380249
2013-09-20,6403.125,403.9359131
2013-09-21,5629.25,331.0525208
2013-09-22,5448.625,295.986084
2013-09-23,6387.75,374.0682068
2013-09-24,6212.75,350.19717410000004
2013-09-25,6158.375,395.9279175
2013-09-26,6119.25,360.9130859
2013-09-27,5931.125,342.3195496
2013-09-28,5127.25,288.8075256
2013-09-29,5166.5,287.4407654
2013-09-30,6016.0,345.934906
2013-10-01,6094.5,344.6512756
2013-10-02,6013.5,351.41436769999996
2013-10-03,5974.875,350.15872189999993
2013-10-04,5728.375,337.4281006
2013-10-05,4983.25,274.77072139999996
2013-10-06,5311.5,321.174408
2013-10-07,6174.75,450.03955080000003
2013-10-08,6120.5,350.3345337
2013-10-09,6194.625,356.0769043
2013-10-10,6135.375,358.8161316
2013-10-11,5992.375,350.64282230000003
2013-10-12,5363.75,302.204895
2013-10-13,5422.125,302.2467651
2013-10-14,5058.875,287.86947630000003
2013-10-15,6235.5,359.5420227
2013-10-16,6198.625,362.2033081
2013-10-17,6263.25,363.7897339
2013-10-18,6162.75,368.00546260000004
2013-10-19,5564.0,309.874176
2013-10-20,5502.125,309.1753235
2013-10-21,6296.25,363.2637939
2013-10-22,6234.75,373.00811769999996
2013-10-23,6060.875,362.1365967
2013-10-24,6018.375,360.2843323
2013-10-25,6021.125,359.91888430000006
2013-10-26,5282.25,301.2321472
2013-10-27,5221.5,297.5796204
2013-10-28,5958.125,356.57183839999993
2013-10-29,5999.625,450.0617676
2013-10-30,6082.125,360.4460754
2013-10-31,6147.625,376.3847961
2013-11-01,5939.0,364.3204041
2013-11-02,5427.625,315.2261353
2013-11-03,5633.0,313.63858030000006
2013-11-04,6431.0,378.17910770000003
2013-11-05,6411.125,380.8938904
2013-11-06,6402.125,403.3323364
2013-11-07,6233.25,376.89154049999996
2013-11-08,6050.75,391.99014280000006
2013-11-09,5580.875,325.03231810000005
2013-11-10,5540.875,322.98641969999994
2013-11-11,5063.0,288.3838501
2013-11-12,6296.0,366.7755432
2013-11-13,6079.5,362.9085083
2013-11-14,5642.25,342.1296997
2013-11-15,5354.5,331.00839229999997
2013-11-16,4691.75,271.8974609
2013-11-17,4616.25,263.3812561
2013-11-18,5546.25,336.1920776
2013-11-19,5525.5,339.01577760000004
2013-11-20,5576.5,346.774231
2013-11-21,6105.0,386.76181030000004
2013-11-22,6598.75,437.50598139999994
2013-11-23,5634.75,324.40271
2013-11-24,5590.5,321.0434875
2013-11-25,6605.0,415.6941223
2013-11-26,6373.5,386.8215332
2013-11-27,6600.5,432.20761110000007
2013-11-28,6339.25,380.8308716
2013-11-29,6119.75,382.3893738
2013-11-30,5723.0,329.06195069999995
2013-12-01,5551.5,319.78085330000005
2013-12-02,6409.75,375.7490234
2013-12-03,6729.5,453.25488279999996
2013-12-04,6866.5,502.2660217
2013-12-05,7087.25,448.8044739
2013-12-06,7110.0,457.013092
2013-12-07,6584.25,396.6698608
2013-12-08,6455.5,374.0382385
2013-12-09,7119.0,426.3656006
2013-12-10,6972.25,426.108429
2013-12-11,6883.5,419.0732727
2013-12-12,6897.0,415.6260986
2013-12-13,6624.75,392.27435299999996
2013-12-14,5784.25,319.5458374
2013-12-15,5574.75,315.78460689999997
2013-12-16,6870.25,430.4752808
2013-12-17,6656.0,391.82388310000005
2013-12-18,6338.0,372.1500244
2013-12-19,6339.25,409.6123352
2013-12-20,6456.0,396.693512
2013-12-21,5771.5,360.44085689999997
2013-12-22,5926.75,315.3215637
2013-12-23,6023.75,330.6819458
2013-12-24,5401.25,308.65319819999996
2013-12-25,5171.0,261.6860962
2013-12-26,5074.0,261.7380371
2013-12-27,5097.25,259.8175049
2013-12-28,5103.0,260.5951538
2013-12-29,5112.75,263.3425903
2013-12-30,5183.75,264.6884766
2013-12-31,5174.0,264.1893616
2014-01-01,5159.0,259.5250549
2014-01-02,6081.75,428.9252319
2014-01-03,5746.75,366.28353880000003
2014-01-04,5265.0,331.71948239999995
2014-01-05,5630.25,332.41430660000003
2014-01-06,7072.0,441.94232180000006
2014-01-07,7049.25,432.7497253
2014-01-08,6675.0,444.2475586
2014-01-09,6869.5,446.2824402
2014-01-10,6418.0,416.59301760000005
2014-01-11,5745.75,305.32656860000003
2014-01-12,5770.5,313.4239807
2014-01-13,6471.75,388.4267578
2014-01-14,6222.0,391.145752
2014-01-15,6318.5,390.9573364
2014-01-16,6595.25,431.3510437
2014-01-17,6390.75,405.934082
2014-01-18,5966.25,360.88516239999996
2014-01-19,5868.75,359.7691345
2014-01-20,6950.75,412.7774963
2014-01-21,7300.75,414.1923523
2014-01-22,6628.75,415.3694153
2014-01-23,6840.25,427.71163939999997
2014-01-24,6495.0,414.0997314
2014-01-25,5734.0,335.3933105
2014-01-26,5991.5,366.7131958
2014-01-27,6866.75,425.51992800000005
2014-01-28,6436.5,397.8688049
2014-01-29,6333.0,413.51281739999996
2014-01-30,6651.5,419.5640563999999
2014-01-31,6490.75,415.3347473
2014-02-01,6059.25,374.012085
2014-02-02,5967.25,378.25805660000003
2014-02-03,6694.75,420.7418518
2014-02-04,7250.25,454.2262268
2014-02-05,6903.25,424.62951660000004
2014-02-06,7059.75,437.5766602
2014-02-07,6891.0,451.10055539999996
2014-02-08,6138.25,377.40725710000004
2014-02-09,6111.25,384.50061039999997
2014-02-10,5755.25,349.568573
2014-02-11,6811.25,423.29287719999996
2014-02-12,6486.5,408.31271360000005
2014-02-13,6134.5,375.8830872
2014-02-14,6183.0,403.6653137
2014-02-15,5428.75,328.08798219999994
2014-02-16,5542.5,332.74938960000003
2014-02-17,5931.0,431.08569339999997
2014-02-18,6253.25,430.8893433
2014-02-19,6153.0,381.4016418
2014-02-20,5987.75,367.892395
2014-02-21,6194.5,383.713623
2014-02-22,6099.75,364.1785889
2014-02-23,6091.25,387.3989258
2014-02-24,6949.75,426.04956050000004
2014-02-25,6924.25,422.3294373
2014-02-26,6751.0,427.146759
2014-02-27,6456.0,403.5647278
2014-02-28,6053.75,380.40625
2014-03-01,6059.75,361.4016418
2014-03-02,6674.25,362.2080078
2014-03-03,6827.75,392.3733826
2014-03-04,6952.5,435.97399900000005
2014-03-05,6352.75,393.34674069999994
2014-03-06,6124.75,376.546875
2014-03-07,5972.75,384.91906739999996
2014-03-08,5215.0,319.4047546
2014-03-09,4896.75,324.43789669999995
2014-03-10,5996.0,440.1881103999999
2014-03-11,6155.75,393.01715089999993
2014-03-12,6209.0,387.0395813
2014-03-13,6158.75,398.413269
2014-03-14,5855.75,377.6920471
2014-03-15,5380.5,344.31289669999995
2014-03-16,5358.0,346.74575810000005
2014-03-17,6285.5,392.00854489999995
2014-03-18,6426.25,404.2189331
2014-03-19,6354.75,393.4252014
2014-03-20,6371.75,408.21246339999993
2014-03-21,6164.5,405.2619934
2014-03-22,5906.75,365.46929930000005
2014-03-23,4152.0,264.4044495
2014-03-24,6084.25,393.01455689999995
2014-03-25,6044.0,372.796875
2014-03-26,6070.0,381.27114869999997
2014-03-27,6177.75,377.8971863
2014-03-28,5796.75,380.43350219999996
2014-03-29,5314.0,330.72564700000004
2014-03-30,5350.0,344.9240417
2014-03-31,6149.75,382.3704529
2014-04-01,6163.0,381.43124389999997
2014-04-02,5903.25,365.13992310000003
2014-04-03,5983.5,364.2242432
2014-04-04,5894.75,377.014801
2014-04-05,5355.0,323.4220581
2014-04-06,5309.75,325.11193849999995
2014-04-07,5905.25,378.8125
2014-04-08,6087.75,382.0188293
2014-04-09,5806.25,340.0135498
2014-04-10,5875.0,355.7319336
2014-04-11,5801.5,377.64248660000004
2014-04-12,5421.25,313.10977169999995
2014-04-13,5350.0,356.4206848
2014-04-14,5816.0,380.0869751
2014-04-15,5874.25,374.1517639
2014-04-16,5828.5,351.3340149
2014-04-17,5828.25,361.6127014
2014-04-18,4980.25,300.88568119999996
2014-04-19,5143.0,329.37442020000003
2014-04-20,5121.5,317.7471619
2014-04-21,5112.0,322.9316711
2014-04-22,5908.5,365.89123539999997
2014-04-23,5845.25,359.0355835
2014-04-24,5915.5,371.9826355
2014-04-25,5724.25,360.1792603
2014-04-26,5533.75,331.7702637
2014-04-27,5421.0,342.12118530000004
2014-04-28,5744.5,364.190979
2014-04-29,5886.0,370.3447266
2014-04-30,5777.25,406.15979
2014-05-01,6204.5,437.9049683
2014-05-02,6151.5,417.7121277
2014-05-03,4908.0,302.3486023
2014-05-04,4869.75,281.58438110000003
2014-05-05,5552.5,349.85229489999995
2014-05-06,5300.5,334.86923219999994
2014-05-07,5085.0,328.1161499
2014-05-08,4992.25,305.5458984
2014-05-09,5115.75,339.2337036
2014-05-10,4224.0,228.3465424
2014-05-11,4344.5,262.9547119
2014-05-12,5317.0,358.0947876
2014-05-13,5536.0,379.5799561
2014-05-14,5744.5,388.10968019999996
2014-05-15,6260.75,440.0318298
2014-05-16,6126.5,401.8425598
2014-05-17,5045.75,331.8754272
2014-05-18,5061.75,338.7400208
2014-05-19,5113.75,351.26000980000003
2014-05-20,6189.0,411.8938599
2014-05-21,5901.25,394.6487732
2014-05-22,5948.5,424.59570310000004
2014-05-23,6043.75,417.3609924
2014-05-24,4921.75,308.9791565
2014-05-25,4668.5,270.0374451
2014-05-26,5972.0,446.3032837
2014-05-27,5915.0,379.1471558
2014-05-28,5691.25,386.4737854
2014-05-29,5626.0,344.45959469999997
2014-05-30,5789.5,386.7383118
2014-05-31,5157.75,322.3348389
2014-06-01,5240.25,367.20736689999995
2014-06-02,6229.0,440.59948729999996
2014-06-03,5943.0,402.2944336
2014-06-04,5957.0,421.3843688999999
2014-06-05,5893.5,395.1130066
2014-06-06,5981.75,439.1338501
2014-06-07,5385.25,380.6307068
2014-06-08,5521.75,386.91952510000004
2014-06-09,6072.0,408.01315310000007
2014-06-10,5814.25,400.8722534
2014-06-11,6143.75,431.56475830000005
2014-06-12,6082.75,396.74243160000003
2014-06-13,6014.0,421.15957639999993
2014-06-14,4906.5,286.76062010000004
2014-06-15,4942.5,315.0098267
2014-06-16,5863.5,413.8984375
2014-06-17,6110.25,414.9008484
2014-06-18,5848.25,381.6954956
2014-06-19,5762.25,370.10638430000006
2014-06-20,6131.25,405.18041989999995
2014-06-21,5379.75,339.5608215
2014-06-22,5662.75,364.18215939999993
2014-06-23,6754.25,433.0493774
2014-06-24,6457.25,424.23910520000004
2014-06-25,6902.25,447.15225219999996
2014-06-26,6928.0,451.4463806
2014-06-27,5904.75,365.9192505
2014-06-28,5083.25,303.124176
2014-06-29,5575.25,354.29968260000004
2014-06-30,6434.25,433.2683716
2014-07-01,6295.25,377.5872498
2014-07-02,7263.5,459.15802
2014-07-03,6771.75,437.9902649
2014-07-04,6374.5,416.5478516
2014-07-05,5277.5,295.82531739999996
2014-07-06,5678.75,348.1455078
2014-07-07,7195.5,475.6636353
2014-07-08,7339.25,469.8349609
2014-07-09,7164.25,456.44818119999996
2014-07-10,7023.0,444.17572019999994
2014-07-11,7003.75,143.5492401
2014-07-12,7002.5,149.2428131
2014-07-13,6943.25,420.1487427
2014-07-14,7848.0,496.0044556
2014-07-15,7692.75,476.2901001
2014-07-16,7862.75,490.3190613
2014-07-17,7122.5,449.1088562
2014-07-18,7128.0,452.24765010000004
2014-07-19,5935.0,347.85211180000005
2014-07-20,5487.5,317.4342651
2014-07-21,6575.75,421.5845337
2014-07-22,6755.5,436.5458374
2014-07-23,6482.25,405.79968260000004
2014-07-24,6235.0,391.35867310000003
2014-07-25,6584.5,428.56436160000004
2014-07-26,6112.0,382.7001953
2014-07-27,6584.0,403.90405269999997
2014-07-28,7620.75,486.16790769999994
2014-07-29,7622.75,478.7762756
2014-07-30,7464.75,476.95639040000003
2014-07-31,7610.75,479.5382385
2014-08-01,7610.5,467.9509583000001
2014-08-02,6954.5,407.3924255
2014-08-03,7026.0,420.03381349999995
2014-08-04,7143.0,426.38775630000004
2014-08-05,7410.25,477.87045290000003
2014-08-06,7384.75,480.91683960000006
2014-08-07,7185.25,460.69125369999995
2014-08-08,7032.5,456.32519529999996
2014-08-09,6500.0,398.03125
2014-08-10,6977.5,421.4609985
2014-08-11,7437.5,493.91677860000004
2014-08-12,6986.5,437.9206848
2014-08-13,6354.25,393.05892939999995
2014-08-14,6647.75,444.8273315
2014-08-15,6989.25,462.0769043000001
2014-08-16,6132.5,391.94085689999997
2014-08-17,6544.5,405.71493530000004
2014-08-18,7190.0,460.8595581
2014-08-19,7092.75,451.0229797
2014-08-20,6756.75,464.49108889999997
2014-08-21,6541.5,472.36178590000003
2014-08-22,6461.0,454.7120972
2014-08-23,6024.0,395.94592289999997
2014-08-24,5994.5,400.4098816
2014-08-25,7027.0,490.16165159999997
2014-08-26,7414.25,498.45816039999994
2014-08-27,7728.75,504.633667
2014-08-28,7033.25,515.5662842
2014-08-29,6264.75,416.0993042
2014-08-30,5538.25,325.3875427
2014-08-31,5742.5,357.2110291
2014-09-01,5731.0,335.5144653
2014-09-02,6656.0,387.06045530000006
2014-09-03,6816.0,418.89901729999997
2014-09-04,7005.25,441.1735535
2014-09-05,7062.75,462.66043089999994
2014-09-06,6416.75,423.5705261
2014-09-07,6581.0,432.36230470000004
2014-09-08,7100.5,472.14047239999996
2014-09-09,7086.25,468.625824
2014-09-10,6898.75,430.1188049
2014-09-11,6481.75,430.9630432
2014-09-12,6328.25,416.44534300000004
2014-09-13,5792.25,414.8386841
2014-09-14,5901.5,418.0700378
2014-09-15,6940.0,482.821106
2014-09-16,7010.5,498.4287109
2014-09-17,6347.25,427.76586910000003
2014-09-18,5947.75,398.1541443
2014-09-19,5979.75,405.31246949999996
2014-09-20,5713.0,384.77304080000005
2014-09-21,6073.5,440.063446
2014-09-22,6209.75,424.60595700000005
2014-09-23,6035.5,401.28799439999995
2014-09-24,6280.25,432.2565918000001
2014-09-25,5932.25,401.38705439999995
2014-09-26,5920.25,369.3947449
2014-09-27,5168.0,334.9578552
2014-09-28,5473.0,351.5076294
2014-09-29,6026.25,370.1632385
2014-09-30,6044.25,394.0368347
2014-10-01,6083.25,386.99975589999997
2014-10-02,5950.0,363.167572
2014-10-03,5752.75,385.09359739999996
2014-10-04,5184.5,356.02319339999997
2014-10-05,5459.5,386.6455994
2014-10-06,6163.25,416.4767456
2014-10-07,6172.5,398.84375
2014-10-08,6187.75,385.2174683
2014-10-09,6276.0,416.0420227
2014-10-10,5764.75,373.4665222
2014-10-11,4958.25,305.1817627
2014-10-12,4985.5,290.153656
2014-10-13,4793.25,270.3626099
2014-10-14,5848.0,353.0901184
2014-10-15,5955.25,362.42929080000005
2014-10-16,5778.5,350.6079102
2014-10-17,5616.0,358.6946411
2014-10-18,4987.5,307.5470581
2014-10-19,5351.25,339.2509766
2014-10-20,5913.0,378.32360839999996
2014-10-21,5891.75,361.3784485
2014-10-22,6010.75,366.193573
2014-10-23,5936.0,361.0769043
2014-10-24,5663.5,354.40429689999996
2014-10-25,5077.0,308.9327087
2014-10-26,5047.5,301.1945496
2014-10-27,5934.5,353.5803528
2014-10-28,5972.0,370.87854
2014-10-29,5808.5,366.6675415
2014-10-30,5669.5,340.1681213
2014-10-31,5645.5,345.0925293
2014-11-01,4329.0,242.1073608
2014-11-02,4479.5,256.72131349999995
2014-11-03,5845.5,360.59951780000006
2014-11-04,5874.0,353.4825745
2014-11-05,5892.5,356.7822266
2014-11-06,5835.5,352.2709045
2014-11-07,5679.0,349.2249756
2014-11-08,5176.5,318.6288757
2014-11-09,4905.5,296.2641296
2014-11-10,5926.0,408.6577148
2014-11-11,5163.0,352.67721560000007
2014-11-12,6529.5,412.5998535
2014-11-13,6491.5,399.23382569999995
2014-11-14,6396.5,387.493042
2014-11-15,5599.0,341.6467285
2014-11-16,5554.0,334.464386
2014-11-17,6327.5,382.3843079
2014-11-18,6440.5,389.07751460000003
2014-11-19,6272.0,389.33007810000004
2014-11-20,6253.5,376.30978389999996
2014-11-21,6083.5,373.46096800000004
2014-11-22,5338.5,325.447937
2014-11-23,5309.5,322.2032166
2014-11-24,6326.5,397.3390198
2014-11-25,6424.0,396.8604736
2014-11-26,6144.5,404.3933716
2014-11-27,6034.5,363.6430664
2014-11-28,5251.5,307.82000730000004
2014-11-29,4815.5,278.26455689999995
2014-11-30,5548.5,390.93719480000004
2014-12-01,6292.5,459.9934998
2014-12-02,6531.0,424.2269592
2014-12-03,6497.5,395.1361389
2014-12-04,6374.0,389.3186951
2014-12-05,6122.5,376.8789673
2014-12-06,5133.5,304.42416380000003
2014-12-07,5035.5,303.899292
2014-12-08,5744.5,485.0617371
2014-12-09,5722.5,345.5190735
2014-12-10,5719.5,347.7026978
2014-12-11,5705.5,341.83596800000004
2014-12-12,5797.0,337.80044560000005
2014-12-13,5643.5,332.01492310000003
2014-12-14,5667.5,329.4811707
2014-12-15,6027.0,363.7613525
2014-12-16,5838.0,348.3357544
2014-12-17,5835.0,363.3731689
2014-12-18,5509.5,336.2138977
2014-12-19,5559.5,342.9239502
2014-12-20,4876.5,298.9344177
2014-12-21,4741.5,271.64419560000005
2014-12-22,5603.5,354.9864502
2014-12-23,5542.0,346.4588623
2014-12-24,5419.5,342.90072630000003
2014-12-25,5090.0,328.93240360000004
2014-12-26,5350.0,331.4389648
2014-12-27,5463.0,304.980896
2014-12-28,5143.0,325.18945310000004
2014-12-29,5258.5,336.2399292
2014-12-30,5607.5,360.9113159
2014-12-31,5491.5,351.52905269999997
2015-01-01,5426.0,351.6252747
2015-01-02,5819.0,367.4978943
2015-01-03,5300.0,346.7475586
2015-01-04,5047.0,315.30773930000004
2015-01-05,6239.0,389.9438477
2015-01-06,6351.0,377.52795410000004
2015-01-07,6506.5,398.2668762
2015-01-08,6574.0,405.247406
2015-01-09,6095.5,381.18396
2015-01-10,5413.0,324.3565369
2015-01-11,5394.0,330.27838130000004
2015-01-12,6190.0,379.1733093
2015-01-13,6548.0,399.9663391
2015-01-14,6528.0,401.5978394
2015-01-15,6317.0,392.8347473
2015-01-16,5849.5,363.6528015
2015-01-17,5308.5,324.7693481
2015-01-18,5189.5,316.7412109
2015-01-19,6092.5,384.4543152
2015-01-20,6404.5,381.72726439999997
2015-01-21,6492.5,399.0481873
2015-01-22,6337.0,388.09445189999997
2015-01-23,5959.5,372.3331604
2015-01-24,5080.5,300.9710693
2015-01-25,4969.5,291.2403564
2015-01-26,5910.0,369.4422302
2015-01-27,5948.0,364.194519
2015-01-28,5887.5,344.3177795
2015-01-29,6298.5,395.40267939999995
2015-01-30,6250.5,402.5965881
2015-01-31,5599.0,331.17166139999995
2015-02-01,4738.5,281.7406921
2015-02-02,5931.5,413.9812622
2015-02-03,6099.5,405.0198975
2015-02-04,6216.5,391.35140989999996
2015-02-05,6001.5,365.3175354
2015-02-06,5748.0,363.23483280000005
2015-02-07,4915.0,282.8259888
2015-02-08,4856.5,282.08050539999994
2015-02-09,4673.5,257.450531
2015-02-10,5928.0,366.1274414
2015-02-11,5985.5,359.83236689999995
2015-02-12,6066.0,363.045105
2015-02-13,5801.5,354.9865417
2015-02-14,4787.5,289.0617371
2015-02-15,4769.5,288.72842410000004
2015-02-16,5749.5,378.73364260000005
2015-02-17,5634.5,356.19888310000005
2015-02-18,5276.0,332.8659668
2015-02-19,5512.0,356.22906489999997
2015-02-20,5573.0,363.93679810000003
2015-02-21,5165.5,322.83212280000004
2015-02-22,5154.5,315.9387207
2015-02-23,6136.0,377.46948239999995
2015-02-24,6187.0,384.3284607
2015-02-25,6145.5,411.74234010000004
2015-02-26,5802.5,366.4441223
2015-02-27,5720.0,443.92456050000004
2015-02-28,5255.0,347.3982544
2015-03-01,5318.5,332.7302551
2015-03-02,6301.0,373.5612793
2015-03-03,6333.0,384.16983030000006
2015-03-04,6294.0,402.3976746
2015-03-05,6150.0,397.2930298
2015-03-06,5702.5,364.0434265
2015-03-07,5045.5,313.0993347
2015-03-08,4975.0,314.70318599999996
2015-03-09,5993.0,358.3888855
2015-03-10,6230.0,400.3633118
2015-03-11,5833.5,350.45874019999997
2015-03-12,5885.0,362.9839478
2015-03-13,5524.0,351.7404175
2015-03-14,4936.0,302.0914307
2015-03-15,4688.0,284.9308167
2015-03-16,5854.5,359.3044128
2015-03-17,5924.0,351.6362915
2015-03-18,5938.5,349.8019104
2015-03-19,5955.0,363.9229736
2015-03-20,5640.5,358.1209412
2015-03-21,4798.0,287.35687260000003
2015-03-22,4960.5,297.8527832
2015-03-23,6040.0,355.08322139999996
2015-03-24,6018.0,374.2447815
2015-03-25,6082.5,384.84732060000005
2015-03-26,5867.5,349.31002810000007
2015-03-27,5591.0,354.5193176
2015-03-28,4945.0,300.07751460000003
2015-03-29,5139.5,320.7182312
2015-03-30,5840.0,343.8383789
2015-03-31,6059.0,369.8604126
2015-04-01,6083.5,365.83572389999995
2015-04-02,6046.0,368.4335327
2015-04-03,4762.0,270.6645508
2015-04-04,5149.0,333.1716919
2015-04-05,5091.5,323.29467769999997
2015-04-06,4772.0,282.9403381
2015-04-07,5921.5,356.9181519
2015-04-08,5904.0,354.79382319999996
2015-04-09,5933.0,361.6069641
2015-04-10,5586.5,349.35961910000003
2015-04-11,5274.0,312.0440979
2015-04-12,5308.5,313.01593019999996
2015-04-13,5899.5,348.0390625
2015-04-14,5919.0,362.0219727
2015-04-15,5357.5,338.2833557
2015-04-16,5875.0,348.1730652
2015-04-17,5724.0,354.69281010000003
2015-04-18,5218.5,310.9169922
2015-04-19,5252.5,318.19174189999995
2015-04-20,6096.0,411.1310425
2015-04-21,5638.0,341.37780760000004
2015-04-22,5757.5,344.4407654
2015-04-23,5913.0,357.05438230000004
2015-04-24,5979.0,374.8778381
2015-04-25,5333.5,309.3457642
2015-04-26,5186.0,308.6447449
2015-04-27,5785.5,339.6899414
2015-04-28,5575.0,336.2754517
2015-04-29,5502.5,331.0684814
2015-04-30,5212.5,306.44131469999996
2015-05-01,5151.5,304.287262
2015-05-02,4550.0,253.93652340000003
2015-05-03,4591.0,306.4705505
2015-05-04,5291.5,329.1826172
2015-05-05,5303.5,319.3817139
2015-05-06,5495.5,329.22503660000007
2015-05-07,5679.5,346.45532230000003
2015-05-08,5697.0,401.4330139
2015-05-09,5222.5,343.0048523
2015-05-10,4669.0,303.8265076
2015-05-11,5475.0,383.70013430000006
2015-05-12,5567.5,379.9270935
2015-05-13,5303.5,333.8981628
2015-05-14,5604.5,371.1227722
2015-05-15,5349.5,346.8735352
2015-05-16,4922.0,324.6199341
2015-05-17,4685.0,309.86791989999995
2015-05-18,5109.0,340.20056150000005
2015-05-19,5970.0,439.93542479999996
2015-05-20,6062.5,445.1732788
2015-05-21,6449.5,499.59851069999996
2015-05-22,5857.5,425.55938719999995
2015-05-23,4571.0,291.92340089999993
2015-05-24,4607.0,309.2185669
2015-05-25,5370.0,317.716217
2015-05-26,5998.0,435.3605347
2015-05-27,6064.5,432.9837646000001
2015-05-28,6369.5,452.4518127
2015-05-29,5300.5,358.77648930000004
2015-05-30,4514.0,281.31280519999996
2015-05-31,4289.0,267.96618650000005
2015-06-01,5578.0,398.8503723
2015-06-02,5122.0,309.8806458
2015-06-03,5498.0,391.43563839999996
2015-06-04,5876.5,436.789978
2015-06-05,6083.0,453.7047424
2015-06-06,5517.5,376.69525150000004
2015-06-07,5521.5,415.7635498
2015-06-08,6851.0,516.2473144999999
2015-06-09,6011.0,427.18649289999996
2015-06-10,6226.0,458.7672119
2015-06-11,6009.0,414.43954469999994
2015-06-12,5666.0,412.0879211
2015-06-13,4877.0,330.3778381
2015-06-14,5043.0,351.88296510000004
2015-06-15,6457.5,472.0263977
2015-06-16,6255.5,455.2734375
2015-06-17,5863.0,437.0705261
2015-06-18,5669.0,394.5233459
2015-06-19,5636.5,396.39508060000003
2015-06-20,4879.0,330.9313965
2015-06-21,4983.5,352.230072
2015-06-22,6254.5,436.3515625
2015-06-23,5120.5,348.34155269999997
2015-06-24,5857.0,523.838501
2015-06-25,6810.5,530.9805908
2015-06-26,6853.0,567.2236328
2015-06-27,6029.5,424.42459110000004
2015-06-28,5864.5,410.04986569999994
2015-06-29,7212.5,556.1037597999999
2015-06-30,7064.5,521.2141113
2015-07-01,5952.5,414.78656010000003
2015-07-02,6566.0,487.53527829999996
2015-07-03,6188.5,458.84445189999997
2015-07-04,5282.0,372.9518738
2015-07-05,5447.5,397.2731018
2015-07-06,6753.5,488.98837280000004
2015-07-07,6594.0,478.47302249999996
2015-07-08,6617.5,516.5454102
2015-07-09,6882.5,534.8651123
2015-07-10,5856.0,444.6951294
2015-07-11,4461.5,261.4670715
2015-07-12,4036.5,240.61277769999998
2015-07-13,5163.0,325.8134766
2015-07-14,6175.5,532.3175049
2015-07-15,6393.5,481.9752502
2015-07-16,6232.5,457.3664246
2015-07-17,6091.0,450.07308960000006
2015-07-18,5843.0,423.155304
2015-07-19,6158.5,431.49813839999996
2015-07-20,6764.0,508.14587400000005
2015-07-21,6453.0,446.62222289999994
2015-07-22,6021.5,452.54327390000003
2015-07-23,6272.5,456.13806150000005
2015-07-24,5040.5,314.5097351
2015-07-25,4875.0,328.9957886
2015-07-26,4814.0,324.35049439999995
2015-07-27,6092.0,424.39773560000003
2015-07-28,6676.0,492.8121033
2015-07-29,6945.0,537.255188
2015-07-30,7086.5,598.4371338
2015-07-31,6940.5,589.8032227000001
2015-08-01,5962.5,432.4190369
2015-08-02,5942.5,405.75482180000006
2015-08-03,5882.0,391.2508545
2015-08-04,6286.5,452.27801510000006
2015-08-05,5556.5,383.76632689999997
2015-08-06,5855.0,427.7439269999999
2015-08-07,6097.5,457.60351560000004
2015-08-08,5120.0,328.58618160000003
2015-08-09,5302.5,380.52844239999996
2015-08-10,6621.0,519.2145386
2015-08-11,6953.0,553.293396
2015-08-12,6934.5,527.0985107
2015-08-13,6857.5,509.2675476
2015-08-14,5327.0,353.256134
2015-08-15,4644.0,304.3623047
2015-08-16,5349.0,374.5717163
2015-08-17,6453.5,471.5487976
2015-08-18,6661.0,478.4476318
2015-08-19,6682.5,478.98202510000004
2015-08-20,6035.5,451.025238
2015-08-21,5598.5,421.17993160000003
2015-08-22,5423.0,385.0683289
2015-08-23,5449.0,394.5831909
2015-08-24,6176.0,477.93069460000004
2015-08-25,6093.5,427.8615416999999
2015-08-26,6333.0,451.5848694
2015-08-27,6500.5,508.28485109999997
2015-08-28,5724.0,409.1129761
2015-08-29,4497.0,300.5536499
2015-08-30,4503.0,348.7310486
2015-08-31,5422.5,382.7529602
2015-09-01,5290.5,324.1608582
2015-09-02,5295.5,330.0460815
2015-09-03,5342.5,338.3012695
2015-09-04,5198.5,335.43478389999996
2015-09-05,4591.5,299.5523682
2015-09-06,4565.0,267.6445007
2015-09-07,4821.5,305.61242680000004
2015-09-08,6111.0,386.7373352
2015-09-09,6870.0,545.5151977999999
2015-09-10,6760.5,505.8978577
2015-09-11,6678.5,505.3964539
2015-09-12,5559.5,402.896637
2015-09-13,4108.5,281.8398743
2015-09-14,5847.0,357.8327332
2015-09-15,5819.5,349.950531
2015-09-16,5874.0,369.6186829
2015-09-17,5824.5,358.8858948
2015-09-18,5433.5,334.2052917
2015-09-19,4822.5,288.611969
2015-09-20,4935.5,313.74844360000003
2015-09-21,5891.0,371.9655151
2015-09-22,5848.5,384.1212463
2015-09-23,5866.5,367.6489258
2015-09-24,5797.5,372.069458
2015-09-25,5571.0,348.7272339
2015-09-26,4937.5,310.31939700000004
2015-09-27,4969.5,307.5018311
2015-09-28,5848.0,365.5248718
2015-09-29,6064.0,414.4583435
2015-09-30,6220.5,420.39349369999996
2015-10-01,6088.5,388.2532043
2015-10-02,5614.0,343.51541139999995
2015-10-03,5070.0,333.1436462
2015-10-04,5251.5,332.02499389999997
2015-10-05,6167.0,406.8434753
2015-10-06,6053.5,384.74548339999996
2015-10-07,6027.5,370.086731
2015-10-08,5980.0,367.1481018
2015-10-09,5685.0,360.6261902
2015-10-10,4926.0,302.2686462
2015-10-11,4906.5,295.50509639999996
2015-10-12,4783.5,256.4605103
2015-10-13,5911.0,344.49279789999997
2015-10-14,5921.0,356.581543
2015-10-15,5801.0,353.38305660000003
2015-10-16,5631.0,379.78372189999993
2015-10-17,4941.5,306.2341919
2015-10-18,4973.0,295.8537903
2015-10-19,5840.0,348.49374389999997
2015-10-20,5861.0,368.28479
2015-10-21,5805.0,346.5126648
2015-10-22,5886.5,349.64248660000004
2015-10-23,5552.5,342.4177551
2015-10-24,4922.5,295.0024414
2015-10-25,4952.0,289.7541199
2015-10-26,5869.5,339.6508789
2015-10-27,5760.0,349.4981689
2015-10-28,5879.5,349.84222410000007
2015-10-29,5774.0,350.2980652
2015-10-30,5404.0,330.5215149
2015-10-31,4729.5,281.70617680000004
2015-11-01,5127.5,310.7333374
2015-11-02,5853.0,347.0321045
2015-11-03,6018.5,353.3919373
2015-11-04,5976.5,363.9798889
2015-11-05,5885.0,357.3867493
2015-11-06,5687.5,365.8428955
2015-11-07,4872.0,303.5637817
2015-11-08,4894.0,309.65563960000003
2015-11-09,5885.5,350.177887
2015-11-10,6302.0,376.3529968
2015-11-11,4858.0,269.8537292
2015-11-12,6198.5,368.9047546
2015-11-13,5540.5,342.1363525
2015-11-14,5024.0,314.21981810000005
2015-11-15,5247.5,321.00756839999997
2015-11-16,6500.5,382.91915889999996
2015-11-17,6008.5,389.249054
2015-11-18,6045.5,356.1839905
2015-11-19,6283.0,375.3566284
2015-11-20,6024.0,364.94476319999995
2015-11-21,5342.0,327.9938049
2015-11-22,5431.0,326.543335
2015-11-23,6335.5,380.4626465
2015-11-24,6237.0,365.65670780000005
2015-11-25,6368.0,382.52593989999997
2015-11-26,6140.5,374.27191160000007
2015-11-27,5945.5,357.5499878
2015-11-28,5544.5,337.86389160000004
2015-11-29,5549.5,333.40029910000004
2015-11-30,6435.5,377.3205872
2015-12-01,5947.5,352.49993900000004
2015-12-02,5978.0,370.20065310000007
2015-12-03,5929.0,343.6471558
2015-12-04,5812.0,354.52795410000004
2015-12-05,5413.5,340.1114807
2015-12-06,5345.0,329.8162842
2015-12-07,6144.5,374.9454956
2015-12-08,5937.0,343.600708
2015-12-09,5894.0,346.6502686
2015-12-10,6040.5,377.49215699999996
2015-12-11,5869.5,345.56896969999997
2015-12-12,5768.0,347.6367798
2015-12-13,5351.0,330.5762024
2015-12-14,6277.5,358.9438782
2015-12-15,6147.5,365.96279910000004
2015-12-16,6145.0,349.7210693
2015-12-17,6145.0,351.08358760000004
2015-12-18,5724.5,342.5846558
2015-12-19,5183.0,304.2589417
2015-12-20,5191.0,300.3235474
2015-12-21,5849.5,330.3742371
2015-12-22,5789.5,343.21228030000003
2015-12-23,5881.0,336.552887
2015-12-24,5571.0,345.8151855
2015-12-25,4079.0,202.6809845
2015-12-26,4095.5,203.47253419999998
2015-12-27,4071.5,203.3003845
2015-12-28,4099.0,209.9399872
2015-12-29,4034.0,203.9865417
2015-12-30,4074.5,201.0730591
2015-12-31,4158.0,224.15589900000003
2016-01-01,4099.5,222.72453309999997
2016-01-02,4145.5,218.8890381
2016-01-03,4135.0,215.57218930000002
2016-01-04,6489.0,383.5925293
2016-01-05,6528.0,396.07360839999996
2016-01-06,6248.5,368.8125916
2016-01-07,6354.0,374.06878660000007
2016-01-08,6012.0,363.2116089
2016-01-09,5372.5,315.85784910000007
2016-01-10,5371.0,315.5426941
2016-01-11,5762.0,361.8528748
2016-01-12,5729.5,374.6531372
2016-01-13,6156.0,363.57034300000004
2016-01-14,6337.0,365.1215515
2016-01-15,5811.5,369.5046082
2016-01-16,5163.0,318.2835083
2016-01-17,5173.5,315.5757141
2016-01-18,6018.5,353.3869324
2016-01-19,6219.0,370.8466797
2016-01-20,6432.5,382.38046260000004
2016-01-21,6139.0,366.9968262
2016-01-22,5711.5,362.8398132
2016-01-23,5208.0,323.2587891
2016-01-24,5342.5,320.5428162
2016-01-25,6271.5,361.103363
2016-01-26,5942.0,366.7146301
2016-01-27,5933.5,353.4701538
2016-01-28,5957.0,382.5221863
2016-01-29,5888.0,372.28799439999995
2016-01-30,5631.0,328.62005619999996
2016-01-31,5655.5,333.0951843
2016-02-01,6435.5,376.4490662
2016-02-02,6419.5,380.27044680000006
2016-02-03,6404.0,381.8222351
2016-02-04,6260.0,365.8611145
2016-02-05,5723.5,369.0636902
2016-02-06,5219.0,317.8052063
2016-02-07,5266.0,312.3015137
2016-02-08,4660.5,253.6062164
2016-02-09,6025.0,371.9287415
2016-02-10,6001.0,355.12265010000004
2016-02-11,6056.0,371.95211789999996
2016-02-12,5629.5,348.1252747
2016-02-13,5200.5,321.6729736
2016-02-14,5238.0,314.2766418
2016-02-15,5164.5,308.59594730000003
2016-02-16,5378.0,313.07165530000003
2016-02-17,5555.5,329.3297424
2016-02-18,5559.5,334.6684265
2016-02-19,5566.0,338.40048219999994
2016-02-20,5329.0,311.9785461
2016-02-21,5375.5,326.5791016
2016-02-22,6292.0,372.71380619999996
2016-02-23,6187.5,367.9799805
2016-02-24,6026.5,366.5414734
2016-02-25,5993.5,398.0041809
2016-02-26,5584.0,351.0655823
2016-02-27,5043.5,325.8909607
2016-02-28,5126.0,318.9720154
2016-02-29,6084.0,349.15603639999995
2016-03-01,6200.5,372.3081665
2016-03-02,6020.0,384.8937988
2016-03-03,5925.5,362.0138245
2016-03-04,5663.0,348.95385739999995
2016-03-05,4904.0,292.92172239999996
2016-03-06,4997.0,294.74145510000005
2016-03-07,6126.0,376.8337708
2016-03-08,6299.5,400.59552
2016-03-09,6119.0,365.95541380000003
2016-03-10,6084.5,375.8996582
2016-03-11,5788.0,352.629303
2016-03-12,5352.5,325.57827760000004
2016-03-13,5230.0,323.4816284
2016-03-14,6236.5,389.165741
2016-03-15,5698.5,341.9908752
2016-03-16,6259.0,406.986908
2016-03-17,6244.0,379.1531677
2016-03-18,5754.0,360.9777527
2016-03-19,4950.5,297.45092769999997
2016-03-20,5013.0,300.49453739999996
2016-03-21,5988.5,347.1765747
2016-03-22,6043.0,353.5987244
2016-03-23,6073.0,357.62005619999996
2016-03-24,6033.0,358.13320919999995
2016-03-25,4811.0,278.5197449
2016-03-26,5008.5,302.0869751
2016-03-27,4985.0,317.35049439999995
2016-03-28,4763.0,259.96859739999996
2016-03-29,5821.5,342.3495789
2016-03-30,5868.5,360.4731445
2016-03-31,6162.5,387.2540894
2016-04-01,5818.5,373.0721436
2016-04-02,5012.5,312.6565857
2016-04-03,5003.5,310.13806150000005
2016-04-04,5947.0,345.8551025
2016-04-05,6092.0,353.0357361
2016-04-06,6002.0,342.27825930000006
2016-04-07,5927.0,373.0839539
2016-04-08,5739.0,379.8778381
2016-04-09,4980.0,312.80892939999995
2016-04-10,5140.5,301.12652589999993
2016-04-11,5829.0,334.28634639999996
2016-04-12,5864.0,336.2916565
2016-04-13,5857.5,336.0897827
2016-04-14,5820.5,332.58059689999993
2016-04-15,5391.5,325.77496339999993
2016-04-16,5146.0,310.88775630000004
2016-04-17,5122.0,329.62899780000004
2016-04-18,6941.5,517.5517578
2016-04-19,6147.5,427.09799189999995
2016-04-20,6458.0,443.73037719999996
2016-04-21,6031.0,421.30072019999994
2016-04-22,5634.0,352.1387024
2016-04-23,5096.0,300.5411377
2016-04-24,5116.5,304.2276001
2016-04-25,5931.0,337.02008060000003
2016-04-26,5587.5,321.0974426
2016-04-27,5378.0,319.2512817
2016-04-28,5358.0,323.85845950000004
2016-04-29,5145.5,308.6795959
2016-04-30,4510.0,253.4779358
2016-05-01,4759.5,282.6843262
2016-05-02,6202.5,432.59823610000007
2016-05-03,5525.0,361.536438
2016-05-04,5088.0,299.1966248
2016-05-05,5211.0,324.8376465
2016-05-06,5229.0,344.8588867
2016-05-07,4562.5,294.5319214
2016-05-08,4341.5,240.912262
2016-05-09,5505.5,335.93218989999997
2016-05-10,5857.5,406.1952209
2016-05-11,5707.5,365.09219360000003
2016-05-12,5903.5,397.34594730000003
2016-05-13,5873.0,418.80621339999993
2016-05-14,5464.0,382.64743039999996
2016-05-15,4276.0,233.8034821
2016-05-16,5242.5,304.5095215
2016-05-17,5517.5,370.65115360000004
2016-05-18,5354.5,358.2010193
2016-05-19,5096.5,300.8952332
2016-05-20,4911.5,312.4035034
2016-05-21,4293.5,271.15200810000005
2016-05-22,4323.5,268.6550598
2016-05-23,4448.5,235.11853030000003
2016-05-24,5209.0,350.56436160000004
2016-05-25,5324.0,375.4008789
2016-05-26,4993.0,298.05499269999996
2016-05-27,4890.5,295.8699646
2016-05-28,4457.5,258.2924194
2016-05-29,4350.5,263.56991580000005
2016-05-30,5310.5,345.7664795
2016-05-31,5456.0,368.9564514
2016-06-01,5305.0,384.09118650000005
2016-06-02,5447.0,379.7002869
2016-06-03,5577.0,401.1065369
2016-06-04,5070.0,337.6958008
2016-06-05,5404.5,365.8728333
2016-06-06,6480.5,466.40975949999995
2016-06-07,6257.5,434.88729860000007
2016-06-08,5582.5,353.6108398
2016-06-09,5495.0,383.6739807
2016-06-10,5248.5,350.2529602
2016-06-11,4492.0,254.51260380000002
2016-06-12,4563.0,264.8103638
2016-06-13,5520.0,361.4496155
2016-06-14,5376.0,317.85607910000004
2016-06-15,5105.5,321.95812989999996
2016-06-16,5460.0,360.51620479999997
2016-06-17,5531.5,368.80688480000003
2016-06-18,4409.0,258.6549683
2016-06-19,3394.0,174.0696564
2016-06-20,6082.0,418.6196289
2016-06-21,5713.0,386.061676
2016-06-22,5647.5,382.35150150000004
2016-06-23,5587.0,365.3312988
2016-06-24,5473.0,394.83407589999996
2016-06-25,4971.0,317.5479126
2016-06-26,5334.0,389.69836430000004
2016-06-27,6846.0,486.50436399999995
2016-06-28,6717.0,462.27359010000004
2016-06-29,6575.0,449.55746460000006
2016-06-30,6088.5,436.1884155
2016-07-01,4891.0,335.9723511
2016-07-02,5491.5,376.78051760000005
2016-07-03,5085.0,330.8762817
2016-07-04,5953.0,427.9481506
2016-07-05,5428.0,363.8141785
2016-07-06,6034.0,440.80114749999996
2016-07-07,5266.0,311.9495239
2016-07-08,5432.0,380.735199
2016-07-09,4592.5,300.2121887
2016-07-10,5055.0,349.2918091
2016-07-11,5581.0,379.4415894
2016-07-12,5975.5,440.8325806
2016-07-13,6086.0,455.19284060000007
2016-07-14,5757.0,386.53131099999996
2016-07-15,5499.5,382.813446
2016-07-16,4900.0,327.4641113
2016-07-17,5630.0,401.2742004
2016-07-18,6727.0,470.2958984
2016-07-19,6468.5,468.39196780000003
2016-07-20,6746.0,494.26190189999994
2016-07-21,6741.0,522.6251221
2016-07-22,6119.0,434.0325623
2016-07-23,4381.0,262.3674011
2016-07-24,5214.0,287.2819214
2016-07-25,7519.5,580.2313232000001
2016-07-26,7428.5,553.6876221
2016-07-27,7664.0,570.5265502999999
2016-07-28,7413.5,532.6011353
2016-07-29,7098.0,511.10256960000004
2016-07-30,5428.0,403.8951721
2016-07-31,5279.0,406.71719360000003
2016-08-01,5825.5,415.555481
2016-08-02,5413.0,332.9020691
2016-08-03,5897.5,429.5913086
2016-08-04,6486.0,481.1860352
2016-08-05,6029.5,448.7433777
2016-08-06,4856.5,320.5841064
2016-08-07,4764.0,303.900116
2016-08-08,5874.5,458.9612732
2016-08-09,5499.0,344.5530701
2016-08-10,6452.5,465.94885250000004
2016-08-11,6457.0,457.56002810000007
2016-08-12,6679.5,499.3175659
2016-08-13,6146.0,423.86376950000005
2016-08-14,5836.0,395.99221800000004
2016-08-15,6593.5,480.7997131
2016-08-16,6751.5,463.5872498
2016-08-17,5609.0,449.1177673
2016-08-18,6186.0,434.4518433
2016-08-19,6696.5,480.75805660000003
2016-08-20,5946.5,402.286377
2016-08-21,5331.5,360.9074402
2016-08-22,5898.5,400.9272461
2016-08-23,6215.0,437.8042603
2016-08-24,6326.0,448.09106449999996
2016-08-25,6600.0,488.62207029999996
2016-08-26,6853.5,515.6660156
2016-08-27,5308.0,328.0578003
2016-08-28,4572.5,263.44296260000004
2016-08-29,6393.5,466.71069339999997
2016-08-30,6008.5,416.28576660000004
2016-08-31,5729.0,356.2785645
2016-09-01,5498.0,355.9082642
2016-09-02,5398.5,344.30395510000005
2016-09-03,4650.0,302.69638060000005
2016-09-04,4819.0,304.2729492
2016-09-05,3129.0,148.0932007
2016-09-06,6068.0,403.12460330000005
2016-09-07,5765.5,361.6235352
2016-09-08,6143.0,404.0231018
2016-09-09,6022.0,433.54208370000003
2016-09-10,5182.0,331.075531
2016-09-11,5170.5,348.47790530000003
2016-09-12,6194.0,399.500946
2016-09-13,6745.5,420.9668274
2016-09-14,6744.5,427.03561399999995
2016-09-15,6541.0,451.50546260000004
2016-09-16,5858.0,411.0117798
2016-09-17,4921.5,318.65621949999996
2016-09-18,5243.0,368.8329773
2016-09-19,5766.0,347.89538569999996
2016-09-20,5818.5,389.2331543
2016-09-21,5880.0,390.9501953
2016-09-22,6134.5,405.8684387
2016-09-23,5441.0,341.4926147
2016-09-24,4819.0,283.62170410000004
2016-09-25,4857.5,286.034668
2016-09-26,5550.5,322.704071
2016-09-27,5775.0,356.6383972
2016-09-28,5647.5,356.59655760000004
2016-09-29,5748.5,361.27243039999996
2016-09-30,5594.0,345.2531128
2016-10-01,4987.5,299.4021912
2016-10-02,4988.0,316.118866
2016-10-03,5883.5,337.8855896
2016-10-04,5927.0,439.2896728999999
2016-10-05,5978.0,400.26635739999995
2016-10-06,5933.0,437.6380005
2016-10-07,5744.5,375.34069819999996
2016-10-08,5346.0,323.98379520000003
2016-10-09,5165.0,292.7494812
2016-10-10,3240.5,157.56512450000002
2016-10-11,5915.5,406.9337158
2016-10-12,5674.0,333.9946289
2016-10-13,6045.0,385.341217
2016-10-14,5844.0,399.255127
2016-10-15,4922.0,288.74084469999997
2016-10-16,5422.0,322.2777405
2016-10-17,6135.0,356.07513430000006
2016-10-18,6063.5,358.15063480000003
2016-10-19,6019.5,353.6797791
2016-10-20,6076.0,363.94049069999994
2016-10-21,6019.0,354.0517578
2016-10-22,5556.5,314.7825012
2016-10-23,5617.0,315.97146610000004
2016-10-24,6439.5,374.69525150000004
2016-10-25,6595.5,378.2511597
2016-10-26,6553.5,389.57968139999997
2016-10-27,6369.0,363.4412537
2016-10-28,5944.5,357.5568542
2016-10-29,5645.5,342.30111689999995
2016-10-30,5957.0,338.1335754
2016-10-31,6744.5,389.2351379
2016-11-01,6659.0,380.46365360000004
2016-11-02,6676.0,389.293335
2016-11-03,6380.0,371.6756592
2016-11-04,6188.0,380.4211121
2016-11-05,5825.0,341.57366939999997
2016-11-06,6100.0,328.7889709
2016-11-07,6594.0,367.0080872
2016-11-08,6182.0,374.0834961
2016-11-09,5991.0,372.4206543
2016-11-10,5940.0,359.66024780000004
2016-11-11,3337.0,162.6341095
2016-11-12,5429.0,309.9458313
2016-11-13,5700.0,342.5302734
2016-11-14,6663.0,369.92962650000004
2016-11-15,5821.0,330.555542
2016-11-16,6746.0,398.42587280000004
2016-11-17,6808.0,392.89163210000004
2016-11-18,6764.0,395.5231018
2016-11-19,5976.0,333.6426086
2016-11-20,5950.0,339.02615360000004
2016-11-21,6807.0,378.6193542
2016-11-22,6854.0,400.66250610000003
2016-11-23,6815.0,397.9376831
2016-11-24,6809.0,396.71151729999997
2016-11-25,6702.0,386.11990360000004
2016-11-26,6243.0,342.81826780000006
2016-11-27,6444.0,351.0336609
2016-11-28,7036.0,390.4811707
2016-11-29,6943.0,400.64266969999994
2016-11-30,6818.0,388.5256958
2016-12-01,7115.0,399.328949
2016-12-02,6860.0,395.0036316
2016-12-03,6435.0,361.3865662
2016-12-04,6510.0,352.0740051
2016-12-05,6897.0,369.8283081
2016-12-06,6954.0,386.10934449999996
2016-12-07,7099.0,435.5487976
2016-12-08,6960.0,400.68215939999993
2016-12-09,6938.0,392.2698364
2016-12-10,6371.0,351.8902893
2016-12-11,6380.0,339.9181824
2016-12-12,6900.0,394.44174189999995
2016-12-13,7030.0,382.1374207
2016-12-14,7079.0,414.75546260000004
2016-12-15,6770.0,394.4059143
2016-12-16,7356.0,416.0324097
2016-12-17,6616.0,355.7397766
2016-12-18,6494.0,354.00976560000004
2016-12-19,6489.0,372.32858280000005
2016-12-20,6648.0,365.724884
2016-12-21,6492.0,368.2907715
2016-12-22,5997.0,332.63241580000005
2016-12-23,5931.0,325.0632935
2016-12-24,5585.0,295.2384033
2016-12-25,5702.0,295.20291139999995
2016-12-26,4337.0,197.0283356
2016-12-27,4311.0,196.35227969999997
2016-12-28,4487.0,200.36308290000002
2016-12-29,4506.0,202.74139399999999
2016-12-30,4384.0,196.805069
2016-12-31,4487.0,209.07028200000002
2017-01-01,4473.0,210.79957579999999
2017-01-02,4520.0,213.3545685
2017-01-03,7329.0,421.48861689999995
2017-01-04,6632.0,417.6864014
2017-01-09,6865.0,377.2988892
2017-01-10,6921.0,389.33865360000004
2017-01-11,7264.0,409.81311039999997
2017-01-12,7384.0,425.26962280000004
2017-01-13,7042.0,409.2283325
2017-01-14,6182.0,331.4231262
2017-01-15,5278.0,288.7246399
2017-01-16,6900.0,387.3898315
2017-01-17,6049.0,353.5897217
2017-01-18,5938.0,356.8376465
2017-01-19,5996.0,360.3588867
2017-01-20,6349.0,378.4757996
2017-01-21,5842.0,322.8533325
2017-01-22,5681.0,307.58843989999997
2017-01-23,6600.0,417.8506165
2017-01-24,7020.0,398.01461789999996
2017-01-25,6955.0,390.262146
2017-01-26,6834.0,390.532074
2017-01-27,6460.0,373.5949097
2017-01-28,6000.0,345.16513060000005
2017-01-29,5838.0,323.041748
2017-01-30,6946.0,387.0949402
2017-01-31,7090.0,394.06469730000003
2017-02-01,7089.0,406.8447266
2017-02-02,6902.0,390.9483337
2017-02-03,6811.0,388.26080319999994
2017-02-04,6056.0,322.4414368
2017-02-05,6103.0,320.0515137
2017-02-06,5251.0,361.63568119999996
2017-02-07,6363.0,492.3508301
2017-02-08,6704.0,446.91735839999996
2017-02-09,6380.0,380.77529910000004
2017-02-10,6592.0,393.8474731
2017-02-11,5901.0,323.8085632
2017-02-12,5800.0,396.55767819999994
2017-02-13,4039.0,199.7652435
2017-02-14,6342.0,362.6891785
2017-02-15,6379.0,369.1766052
2017-02-16,6213.0,354.1494751
2017-02-17,6238.0,353.5713501
2017-02-18,5650.0,304.0950317
2017-02-19,5428.0,301.8225403
2017-02-20,6285.0,424.48822019999994
2017-02-21,6458.0,369.4516296
2017-02-22,6457.0,376.96115110000005
2017-02-23,6696.0,372.5206604
2017-02-24,6552.0,370.34729
2017-02-25,6430.0,341.1452026
2017-02-26,6450.0,337.9425354
2017-02-27,7321.0,399.28186039999997
2017-02-28,7323.0,409.6359863
2017-03-01,7062.0,404.2745972
2017-03-02,7050.0,409.086731
2017-03-03,6670.0,388.6380005
2017-03-04,6406.0,352.4382629
2017-03-05,6639.0,352.04916380000003
2017-03-06,7211.0,410.2698059
2017-03-07,7346.0,424.5771484
2017-03-08,7237.0,411.9526367
2017-03-09,7257.0,409.5269775
2017-03-10,6659.0,388.1889648
2017-03-11,6229.0,355.5763245
2017-03-12,5980.0,328.06115719999997
2017-03-13,6708.0,376.62780760000004
2017-03-14,6583.0,379.7597961
2017-03-15,6574.0,376.1899414
2017-03-16,6722.0,384.86499019999997
2017-03-17,6684.0,378.1313171
2017-03-18,5995.0,338.0289917
2017-03-19,6086.0,329.5202332
2017-03-20,6748.0,385.65148930000004
2017-03-21,6698.0,395.16476439999997
2017-03-22,6655.0,385.61657710000003
2017-03-23,6721.0,378.5338745
2017-03-24,6456.0,368.4473877
2017-03-25,5781.0,309.836731
2017-03-26,5988.0,329.2068481
2017-03-27,6693.0,386.34481810000005
2017-03-28,6745.0,399.0438538
2017-03-29,6661.0,382.8526001
2017-03-30,6421.0,364.2019348
2017-03-31,6288.0,365.9775085
2017-04-01,5804.0,319.96200560000005
2017-04-02,5947.0,327.8072815
2017-04-03,6695.0,367.3410645
2017-04-04,6172.0,366.65686039999997
2017-04-05,5897.0,349.243927
2017-04-06,5908.0,349.40698239999995
2017-04-07,5610.0,323.3548279
2017-04-08,5415.0,328.7929077
2017-04-09,5584.0,320.6615295
2017-04-10,6071.0,362.72756960000004
2017-04-11,5930.0,348.84127810000007
2017-04-12,5917.0,346.8842468
2017-04-13,5833.0,348.239502
2017-04-14,3862.0,203.1726227
2017-04-15,5446.0,302.677063
2017-04-16,5534.0,307.6098938
2017-04-17,4100.0,227.6745148
2017-04-18,5896.0,343.8928528
2017-04-19,6064.0,345.6907349
2017-04-20,5905.0,350.81274410000003
2017-04-21,5771.0,337.2952576
2017-04-22,5360.0,313.9347229
2017-04-23,5542.0,314.8497314
2017-04-24,6092.0,341.1276245
2017-04-25,5852.0,348.0826721
2017-04-26,5553.0,349.1670227
2017-04-27,5462.0,324.7234802
2017-04-28,5289.0,315.0588989
2017-04-29,4800.0,262.64889530000005
2017-04-30,2694.0,247.97406009999997
2017-05-01,4622.0,277.20611569999994
2017-05-02,5553.0,422.39373780000005
2017-05-03,5736.0,321.5506287
2017-05-04,6154.0,411.3465271
2017-05-05,5390.0,319.833313
2017-05-06,2353.0,309.0978394
2017-05-07,4233.0,222.41276549999998
2017-05-08,4976.0,297.8862915
2017-05-09,5015.0,312.4813538
2017-05-10,5054.0,317.6059265
2017-05-11,4944.0,299.6108398
2017-05-12,4990.0,289.5707397
2017-05-13,4211.0,221.5053864
2017-05-14,4256.0,229.00077819999996
2017-05-15,4781.0,277.03131099999996
2017-05-16,5058.0,287.2122498
2017-05-17,4847.0,297.3591003
2017-05-18,5261.0,342.284729
2017-05-19,5301.0,351.88552860000004
2017-05-20,4756.0,294.9866943
2017-05-21,4773.0,290.58663939999997
2017-05-22,3143.0,149.5193176
2017-05-23,6262.0,423.9384766
2017-05-24,5360.0,352.6535645
2017-05-25,5528.0,372.3379211
2017-05-26,5809.0,396.8269043
2017-05-27,5296.0,346.0796204
2017-05-28,5518.0,366.6775818
2017-05-29,6292.0,425.9823608
2017-05-30,5197.0,303.0004272
2017-05-31,5244.0,326.7505188
2017-06-01,5204.0,321.38833619999997
2017-06-02,5548.0,372.93225099999995
2017-06-03,4612.0,281.3771667
2017-06-04,4796.0,297.2359619
2017-06-05,5710.0,412.0823364
2017-06-06,6402.0,469.51818849999995
2017-06-07,6226.0,433.99655149999995
2017-06-08,5020.0,324.2832336
2017-06-09,5226.0,333.1611328
2017-06-10,4423.0,267.5162354
2017-06-11,4690.0,290.895813
2017-06-12,5389.0,359.8317261
2017-06-13,5076.0,307.0629883
2017-06-14,5040.0,297.53302
2017-06-15,4765.0,280.0213318
2017-06-16,5279.0,331.9378357
2017-06-17,4268.0,224.15415950000002
2017-06-18,4336.0,226.80999759999997
2017-06-19,5189.0,337.19955439999995
2017-06-20,5560.0,370.3237915
2017-06-21,5306.0,336.6899414
2017-06-22,5643.0,396.1666565
2017-06-23,6218.0,418.3276367
2017-06-24,5970.0,386.957489
2017-06-25,3469.0,164.7271576
2017-06-26,6697.0,433.52139280000006
2017-06-27,5863.0,376.36563110000003
2017-06-28,5856.0,396.4107361
2017-06-29,6083.0,428.39364620000003
2017-06-30,6115.0,433.0493164
2017-07-01,3185.0,153.1558685
2017-07-02,3281.0,155.442337
2017-07-03,3266.0,151.47280880000002
2017-07-04,6307.0,416.2252502
2017-07-05,6437.0,427.9224243
2017-07-06,6508.0,434.2886047
2017-07-07,6133.0,399.33398439999996
2017-07-08,5161.0,311.1550598
2017-07-09,3296.0,157.53828430000002
2017-07-10,6020.0,393.133606
2017-07-11,6092.0,411.5984802
2017-07-12,6395.0,438.0991211
2017-07-13,6110.0,440.6255188
2017-07-14,6004.0,426.2116699
2017-07-15,5064.0,302.5924988
2017-07-16,3259.0,154.7309418
2017-07-17,6244.0,425.30261229999996
2017-07-18,6386.0,439.13009639999996
2017-07-19,6069.0,433.54312130000005
2017-07-20,6245.0,440.8581848
2017-07-21,5462.0,354.1789246
2017-07-22,4652.0,259.8171997
2017-07-23,3344.0,164.2268982
2017-07-24,6430.0,413.0092163
2017-07-25,6374.0,438.0374451
2017-07-26,6452.0,448.45010379999997
2017-07-27,6064.0,442.7269592
2017-07-28,5912.0,411.1548462
2017-07-29,5475.0,363.4799805
2017-07-30,3256.0,154.21954350000001
2017-07-31,6996.73584,503.4833374
2017-08-01,6967.14502,462.22283939999994
2017-08-02,6938.359375,479.3601074
2017-08-03,6463.958984000001,475.1118774
2017-08-04,6253.554688,399.00155639999997
2017-08-05,5969.433594,356.2536011
2017-08-06,3519.1875,206.3286133
2017-08-07,3603.2382810000004,203.55805969999997
2017-08-08,7031.269531,431.16778560000006
2017-08-09,6990.578125,427.21194460000004
2017-08-10,6829.539062999999,426.1481018
2017-08-11,7140.171875,442.79367069999995
2017-08-12,5415.710938,355.3573608
2017-08-13,3538.179688,211.1313477
2017-08-14,6504.289063,453.9343262
2017-08-15,6254.078125,426.3840637
2017-08-16,6305.117188,447.4694824
2017-08-17,6566.335938,475.6351318
2017-08-18,6226.226563,442.95657350000005
2017-08-19,5269.28125,325.7097778
2017-08-20,3400.882813,164.62722780000001
2017-08-21,6856.09375,486.462616
2017-08-22,7238.710937999999,501.2980652
2017-08-23,6598.484375,471.34844969999995
2017-08-24,6029.203125,424.66104129999997
2017-08-25,5839.78125,410.204834
2017-08-26,5279.828125,340.2275085
2017-08-27,3435.03125,163.3348236
2017-08-28,7214.265625,504.4799194
2017-08-29,7044.03125,475.56042479999996
2017-08-30,6381.328125,441.96646119999997
2017-08-31,6588.25,467.2658081
2017-09-01,6671.015625,457.8013306
2017-09-02,5891.09375,374.5335083
2017-09-03,3435.421875,166.09777830000002
2017-09-04,3494.109375,164.37469480000001
2017-09-05,7927.078125,583.2287597999999
2017-09-06,7877.546875,538.5088501
2017-09-07,7801.234375,568.8389282
2017-09-08,6380.453125,459.84063719999995
2017-09-09,4930.421875,285.5620117
2017-09-10,3772.5625,198.8222198
2017-09-11,7260.671875,529.8482666
2017-09-12,6825.703125,482.06802369999997
2017-09-13,6339.3125,402.3898315
2017-09-14,6456.4375,399.4772339
2017-09-15,6340.375,463.0239563
2017-09-16,5923.46875,424.07406619999995
2017-09-17,4146.34375,212.8478699
2017-09-18,5962.03125,357.8497925
2017-09-19,5867.96875,346.55163569999996
2017-09-20,5734.15625,349.7018433
2017-09-21,5811.53125,370.17611689999995
2017-09-22,5619.96875,376.47470089999996
2017-09-23,5218.59375,358.9381714
2017-09-24,4136.125,216.4556122
2017-09-25,6043.84375,345.5349426
2017-09-26,6437.03125,435.1565247
2017-09-27,6563.9375,444.95739749999996
2017-09-28,7099.96875,509.94979860000007
2017-09-29,5745.3125,353.6607361
2017-09-30,4899.84375,286.6217346
2017-10-01,4041.75,219.5360565
2017-10-02,5990.28125,380.3347473
2017-10-03,5925.34375,383.743927
2017-10-04,5946.4375,373.87313839999996
2017-10-05,5847.4375,375.83578489999996
2017-10-06,5416.9375,335.90490719999997
2017-10-07,4805.09375,281.888916
2017-10-08,3780.9375,200.1339111
2017-10-09,3605.21875,175.2771149
2017-10-10,5828.90625,340.2769775
2017-10-11,5648.375,345.6819153
2017-10-12,5709.46875,336.2741089
2017-10-13,5548.78125,328.3022766
2017-10-14,4976.46875,281.61883539999997
2017-10-15,3683.78125,199.99610900000002
2017-10-16,5807.5,329.7857361
2017-10-17,5694.125,340.571167
2017-10-18,5697.75,337.39865110000005
2017-10-19,5670.3125,345.0517273
2017-10-20,5387.5,330.74713130000004
2017-10-21,5195.71875,297.9512024
2017-10-22,3804.84375,210.950592
2017-10-23,5719.0625,337.0509644
2017-10-24,5675.53125,348.20468139999997
2017-10-25,5681.1875,344.1253357
2017-10-26,5690.3125,337.47811889999997
2017-10-27,5444.5,332.50765989999996
2017-10-28,4819.03125,285.5691223
2017-10-29,3797.28125,211.00291439999998
2017-10-30,5780.34375,335.0980225
2017-10-31,5849.5,352.06555180000004
2017-11-01,5716.625,337.758667
2017-11-02,6101.5,361.2134705
2017-11-03,5937.375,357.3020935
2017-11-04,5225.3125,287.3326111
2017-11-05,4316.0625,218.11994930000003
2017-11-06,6009.1875,332.8679504
2017-11-07,5964.125,363.74795530000006
2017-11-08,5830.6875,335.8591003
2017-11-09,5825.6875,356.8313293
2017-11-10,5588.75,341.4506836
2017-11-11,3542.9375,201.36532590000002
2017-11-12,3764.3125,207.3250275
2017-11-13,3371.4375,167.3881989
2017-11-14,6067.3125,354.4744873
2017-11-15,5715.625,335.62686160000004
2017-11-16,6088.375,352.1921997
2017-11-17,5873.1875,344.5304565
2017-11-18,5027.75,284.37335210000003
2017-11-19,3929.75,224.4133301
2017-11-20,6049.9375,344.2729492
2017-11-21,6283.375,366.2746277
2017-11-22,5699.125,347.881073
2017-11-23,5636.9375,328.07028199999996
2017-11-24,5617.8125,343.2249756
2017-11-25,4718.0625,277.4696045
2017-11-26,3746.625,213.5574036
2017-11-27,5740.75,326.8492432
2017-11-28,5915.9375,338.8815002
2017-11-29,5947.75,340.2080994
2017-11-30,5895.1875,349.60864260000005
2017-12-01,5519.875,315.5205994
2017-12-02,5300.125,293.53634639999996
2017-12-03,4292.25,241.9407043
2017-12-04,5614.5625,305.4396667
2017-12-05,5653.125,344.1471252
2017-12-06,6135.875,368.060791
2017-12-07,6362.5,362.8526001
2017-12-08,6135.5,348.0678711
2017-12-09,5521.5625,314.56179810000003
2017-12-10,3726.25,200.2385712
2017-12-11,5764.8125,358.581543
2017-12-12,6139.25,352.887207
2017-12-13,6212.5,354.17938230000004
2017-12-14,5916.125,335.3610535
2017-12-15,5015.0625,291.5096436
2017-12-16,5329.9375,300.85952760000004
2017-12-17,4029.0,226.3908691
2017-12-18,6104.4375,345.3181458
2017-12-19,6203.9375,360.65429689999996
2017-12-20,5623.9375,325.0016785
2017-12-21,5591.125,320.881958
2017-12-22,5381.4375,305.4421387
2017-12-23,4236.4375,202.9216156
2017-12-24,3298.4375,150.5938721
2017-12-25,3296.375,164.84082030000002
2017-12-26,3363.375,170.9281921
2017-12-27,4820.4375,245.0860443
2017-12-28,4838.625,235.07051090000002
2017-12-29,4861.125,237.68780519999996
2017-12-30,4887.1875,237.46298219999997
2017-12-31,3611.6875,200.2334595
2018-01-01,3581.4375,165.25425719999998
2018-01-02,5591.9375,340.61132810000004
2018-01-03,6050.0,369.9103699
2018-01-04,6191.25,440.61819460000004
2018-01-05,5906.6875,354.13241580000005
2018-01-06,5624.375,315.4238586
2018-01-07,3779.5625,211.7502441
2018-01-08,6309.5625,355.7714539
2018-01-09,6323.8125,365.6183472
2018-01-10,6396.125,369.0592651
2018-01-11,6541.1875,375.8208313
2018-01-12,6416.5,370.21603389999996
2018-01-13,5547.625,309.99127200000004
2018-01-14,3904.25,219.6395111
2018-01-15,5929.9375,341.3886108
2018-01-16,5923.6875,348.6848755
2018-01-17,6075.5,356.25720210000003
2018-01-18,6146.0625,371.9563293
2018-01-19,6284.6875,364.9026489
2018-01-20,5772.0625,322.1934814
2018-01-21,3923.75,223.5874786
2018-01-22,6254.375,355.1113586
2018-01-23,6332.75,378.27359010000004
2018-01-24,6200.25,363.9840393
2018-01-25,6606.5,373.84857180000006
2018-01-26,6252.625,369.191864
2018-01-27,5735.8125,331.2507935
2018-01-28,3921.125,208.2859497
2018-01-29,5529.5625,331.17898560000003
2018-01-30,6402.8125,365.0350037
2018-01-31,6705.5625,376.32885739999995
2018-02-01,6565.5,372.020752
2018-02-02,5933.5625,396.0508118
2018-02-03,5366.75,302.60000610000003
2018-02-04,3923.125,214.42515559999998
2018-02-05,5850.375,326.8919067
2018-02-06,6041.875,348.1318359
2018-02-07,5927.0,343.4430542
2018-02-08,5816.5,326.60977169999995
2018-02-09,5988.625,345.6262817
2018-02-10,5441.25,295.33828739999996
2018-02-11,4212.375,215.29205319999997
2018-02-12,3926.875,190.5517426
2018-02-13,6643.125,384.3737183
2018-02-14,6592.25,389.0183105
2018-02-15,6677.625,396.364502
2018-02-16,6261.0,375.6196289
2018-02-17,5643.375,324.45108030000006
2018-02-18,4227.375,218.4793549
2018-02-19,6762.75,378.9291687
2018-02-20,6524.5,367.5808716
2018-02-21,6646.625,379.28750610000003
2018-02-22,6391.875,355.56985469999995
2018-02-23,6335.0,368.1455078
2018-02-24,5756.125,316.0327148
2018-02-25,3905.75,207.91473390000002
2018-02-26,6405.75,361.3406372
2018-02-27,6407.375,383.1904602
2018-02-28,6462.375,372.99646
2018-03-01,6226.75,361.4692383
2018-03-02,6261.0,374.38562010000004
2018-03-03,5484.875,303.66711430000004
2018-03-04,3869.5,208.79641719999998
2018-03-05,6332.375,351.3048706
2018-03-06,6264.625,360.17971800000004
2018-03-07,6357.75,359.080719
2018-03-08,6261.25,365.0402832
2018-03-09,6273.0,357.763092
2018-03-10,5499.875,305.53085330000005
2018-03-11,3625.75,197.8605957
2018-03-12,6107.625,370.6430664
2018-03-13,5984.5,355.97659300000004
2018-03-14,5987.25,361.2913208
2018-03-15,6053.375,351.496521
2018-03-16,5903.125,348.04745479999997
2018-03-17,5225.875,300.6006165
2018-03-18,3753.5,207.06768799999998
2018-03-19,6007.375,347.4778137
2018-03-20,5930.375,352.0328369
2018-03-21,5790.75,346.0148621
2018-03-22,5824.375,333.467926
2018-03-23,6145.125,369.71340939999993
2018-03-24,5406.375,311.0178833
2018-03-25,3773.125,200.65661619999997
2018-03-26,6243.0,353.65628050000004
2018-03-27,5986.5,356.2956543
2018-03-28,5983.75,356.0193481
2018-03-29,6074.875,358.9222107
2018-03-30,3231.5,163.0649414
2018-03-31,5366.5,317.1604309
2018-04-01,3733.75,203.9171753
2018-04-02,3541.75,166.8598022
2018-04-03,6155.375,358.8727722
2018-04-04,6174.75,362.5942688
2018-04-05,6048.875,353.5007935
2018-04-06,5850.75,352.66134639999996
2018-04-07,5373.625,312.41134639999996
2018-04-08,3914.875,212.51696780000003
2018-04-09,5918.875,345.6984253
2018-04-10,5817.75,340.6941528
2018-04-11,5965.75,347.5541687
2018-04-12,5997.5,344.4248352
2018-04-13,5888.125,341.8640137
2018-04-14,5349.75,311.4194336
2018-04-15,3965.375,221.3355255
2018-04-16,6162.125,348.329071
2018-04-17,5802.625,345.28405760000004
2018-04-18,5703.75,324.7927551
2018-04-19,5496.375,327.416687
2018-04-20,5470.375,306.8725586
2018-04-21,5331.25,305.89083860000005
2018-04-22,3835.125,211.4453583
2018-04-23,6026.375,380.40954589999996
2018-04-24,5678.875,362.92965699999996
2018-04-25,5833.0,362.4230652
2018-04-26,6121.25,451.53701780000006
2018-04-27,5543.25,361.8268127
2018-04-28,4581.625,243.75488280000002
2018-04-29,3140.375,153.01855469999998
2018-04-30,5484.375,310.81304930000005
2018-05-01,5558.625,351.2152405
2018-05-02,5572.5,364.71374510000004
2018-05-03,6119.0,446.06732180000006
2018-05-04,5291.875,306.81256099999996
2018-05-05,4669.625,273.50381469999996
2018-05-06,3128.625,152.88055419999998
2018-05-07,6247.5,433.0041199
2018-05-08,5664.375,361.0805664
2018-05-09,5966.625,420.40725710000004
2018-05-10,5613.625,344.13284300000004
2018-05-11,5870.125,414.0663452
2018-05-12,4879.375,331.36819460000004
2018-05-13,3112.0,147.6603851
2018-05-14,7307.75,504.4612732
2018-05-15,7029.625,498.8515625
2018-05-16,5521.625,384.43710330000005
2018-05-17,5249.875,341.4389343
2018-05-18,5531.125,333.1577148
2018-05-19,5048.625,308.70156860000003
2018-05-20,3115.5,151.59506230000002
2018-05-21,3122.0,152.4126282
2018-05-22,6766.625,450.9036255
2018-05-23,6899.75,487.8459166999999
2018-05-24,6167.375,434.17858889999997
2018-05-25,5682.875,402.763855
2018-05-26,4816.5,366.55538939999997
2018-05-27,3090.0,151.7049713
2018-05-28,6334.625,415.706543
2018-05-29,5484.75,372.6416626
2018-05-30,5645.125,374.91662599999995
2018-05-31,5758.75,376.05334469999997
2018-06-01,5239.5,313.7746277
2018-06-02,4927.25,329.09704589999996
2018-06-03,3066.625,153.81768799999998
2018-06-04,5689.25,356.89443969999996
2018-06-05,5431.125,312.5032043
2018-06-06,5779.375,386.1513672
2018-06-07,5454.5,318.2273865
2018-06-08,5304.375,307.8651733
2018-06-09,4670.5,285.04986569999994
2018-06-10,3073.625,151.1959686
2018-06-11,5669.25,373.40780639999997
2018-06-12,5491.375,339.454834
2018-06-13,5533.0,354.81192020000003
2018-06-14,5731.5,371.0754395
2018-06-15,5878.375,380.9176941
2018-06-16,5063.0,349.5079041
2018-06-17,3106.75,156.46951289999998
2018-06-18,7426.625,476.55944819999996
2018-06-19,7433.875,464.08956910000006
2018-06-20,7204.125,512.6664429
2018-06-21,6398.375,440.00357060000005
2018-06-22,5785.75,417.1582336
2018-06-23,5317.0,357.7469177
2018-06-24,3191.75,156.74621580000002
2018-06-25,6095.875,412.11743160000003
2018-06-26,5924.125,420.46414180000005
2018-06-27,5696.375,360.0527039
2018-06-28,5511.875,345.47860719999994
2018-06-29,5230.75,324.0837708
2018-06-30,4620.0,290.2361145
2018-07-01,3149.125,162.95654299999998
2018-07-02,3168.375,169.5203857
2018-07-03,6349.5,424.741394
2018-07-04,6546.0,440.72009280000003
2018-07-05,6897.25,447.01217649999995
2018-07-06,6111.0,444.967926
2018-07-07,5344.75,335.57608030000006
2018-07-08,3144.75,147.23284909999998
2018-07-09,6606.875,429.2682495
2018-07-10,6379.75,454.28076169999997
2018-07-11,6620.5,459.678894
2018-07-12,6952.25,502.6272278
2018-07-13,6343.0,434.3684387
2018-07-14,5424.25,380.99276729999997
2018-07-15,3263.125,158.2472076
2018-07-16,7457.25,533.8313598999999
2018-07-17,7481.5,555.3118896000001
2018-07-18,6558.75,439.7519836
2018-07-19,5973.375,379.6527405
2018-07-20,6074.5,415.0080872
2018-07-21,5308.25,333.85049439999995
2018-07-22,3285.5,163.9721832
2018-07-23,7545.5,542.9833984
2018-07-24,7222.125,514.7971802000001
2018-07-25,7482.125,526.7163086
2018-07-26,7383.5,522.6140137
2018-07-27,7202.5,501.776062
2018-07-28,6341.125,415.1697998
2018-07-29,3440.75,171.2141266
2018-07-30,8043.375,538.5475464
2018-07-31,7441.125,531.8919678
2018-08-01,6325.75,422.79135130000003
2018-08-02,6109.875,425.8416443
2018-08-03,6175.0,419.45297239999996
2018-08-04,5547.375,370.03710939999996
2018-08-05,3337.5,169.5413666
2018-08-06,3312.875,158.7927399
2018-08-07,7916.25,527.2811279
2018-08-08,7844.0,538.2295532
2018-08-09,7716.5,541.1380615
2018-08-10,7597.125,526.2872313999999
2018-08-11,5432.0,331.2692261
2018-08-12,3199.5,153.9718628
2018-08-13,6746.5,442.6960754
2018-08-14,6796.75,488.022522
2018-08-15,6800.25,461.06234739999996
2018-08-16,6227.75,409.48492430000005
2018-08-17,6035.25,435.3997498
2018-08-18,5278.75,305.4038391
2018-08-19,3235.0,153.9430237
2018-08-20,6737.0,448.59570310000004
2018-08-21,7043.5,523.5165405
2018-08-22,6694.25,437.49707029999996
2018-08-23,5906.5,367.92929080000005
2018-08-24,5835.0,397.559082
2018-08-25,4921.0,277.3001404
2018-08-26,3219.5,155.8454132
2018-08-27,6358.5,431.2888489
2018-08-28,6343.75,407.6134644
2018-08-29,6080.0,398.6106567
2018-08-30,6053.0,405.5403748
2018-08-31,5923.75,423.69894410000006
2018-09-01,4772.25,300.2281494
2018-09-02,3209.0,154.2918243
2018-09-03,3231.75,152.4358368
2018-09-04,6787.5,473.54534910000007
2018-09-05,6707.0,462.7635193
2018-09-06,7255.75,551.4080811000001
2018-09-07,5864.75,356.3360291
2018-09-08,5178.25,329.11721800000004
2018-09-09,3606.25,197.72929380000002
2018-09-10,6035.5,357.052948
2018-09-11,5983.0,371.9344788
2018-09-12,6007.5,377.8317566
2018-09-13,5949.25,360.910614
2018-09-14,5767.5,344.71154789999997
2018-09-15,5039.0,296.4487305
2018-09-16,3858.25,211.8166962
2018-09-17,6124.75,359.01138310000005
2018-09-18,6001.5,384.712677
2018-09-19,5863.75,352.9104614
2018-09-20,5789.25,349.6192932
2018-09-21,5923.0,356.1394348
2018-09-22,5140.75,313.10867310000003
2018-09-23,3721.25,203.472229
2018-09-24,6031.5,380.4605103
2018-09-25,6029.5,394.4281921
2018-09-26,6031.5,393.3363647
2018-09-27,5979.5,375.05963130000004
2018-09-28,6092.75,387.23208619999997
2018-09-29,5276.5,309.8802185
2018-09-30,3860.25,202.2631836
2018-10-01,5992.5,353.5272217
2018-10-02,5851.0,345.2280579
2018-10-03,5877.75,339.55999760000003
2018-10-04,5895.75,340.9959717
2018-10-05,5648.75,331.9710693
2018-10-06,4929.5,284.6782532
2018-10-07,3655.25,197.4964294
2018-10-08,3342.75,161.34451289999998
2018-10-09,5929.0,347.01635739999995
2018-10-10,5800.25,341.4231873
2018-10-11,5836.25,340.49694819999996
2018-10-12,5676.0,333.1455078
2018-10-13,5029.25,292.79672239999996
2018-10-14,3674.5,202.0861969
2018-10-15,5868.5,344.9014587
2018-10-16,5827.5,385.970459
2018-10-17,5752.5,357.4451294
2018-10-18,5701.0,346.30422969999995
2018-10-19,5813.25,359.4566345
2018-10-20,5013.5,296.53884889999995
2018-10-21,3727.25,200.0484619
2018-10-22,5845.0,348.00445560000003
2018-10-23,5795.0,340.0572205
2018-10-24,5839.75,357.20007319999996
2018-10-25,5865.0,356.8078613
2018-10-26,5726.0,344.0821838
2018-10-27,5084.75,296.1342163
2018-10-28,3660.25,197.4827118
2018-10-29,5991.5,344.4086914
2018-10-30,5910.5,351.95599369999996
2018-10-31,5895.75,355.48382569999995
2018-11-01,6014.25,356.877594
2018-11-02,5890.0,341.52252200000004
2018-11-03,5247.25,298.25247189999993
2018-11-04,3960.25,210.41606140000002
2018-11-05,6026.25,363.6231995
2018-11-06,6006.25,361.8166809
2018-11-07,6009.0,368.4094238
2018-11-08,5890.25,341.5432739
2018-11-09,5988.75,363.8996277
2018-11-10,5217.5,287.9079285
2018-11-11,3719.5,199.45803830000003
2018-11-12,3453.25,188.8302307
2018-11-13,6138.0,368.6984253
2018-11-14,6036.75,352.0522461
2018-11-15,6116.5,353.5905457
2018-11-16,5956.5,346.75936889999997
2018-11-17,5137.5,294.68069460000004
2018-11-18,4051.75,264.0896301
2018-11-19,6110.0,379.6167603
2018-11-20,5972.25,348.3106995
2018-11-21,5688.75,330.5338745
2018-11-22,5706.75,365.9249878
2018-11-23,5936.5,358.383606
2018-11-24,5334.25,313.45327760000004
2018-11-25,3872.25,215.7416534
2018-11-26,6026.0,343.9408264
2018-11-27,5843.75,349.46975710000004
2018-11-28,6031.5,349.7756653
2018-11-29,6024.5,356.629303
2018-11-30,6045.0,351.3243408
2018-12-01,5442.5,311.22595210000003
2018-12-02,3997.0,225.6019897
2018-12-03,6063.5,335.9307251
2018-12-04,6067.25,344.42962650000004
2018-12-05,6186.5,363.3190613
2018-12-06,6246.25,359.60879520000003
2018-12-07,6179.75,386.5048828
2018-12-08,5621.0,332.4684753
2018-12-09,3975.75,221.4958038
2018-12-10,6085.75,336.48718260000004
2018-12-11,6101.0,352.3966675
2018-12-12,5991.25,345.5883789
2018-12-13,5812.0,337.2865295
2018-12-14,5471.75,306.8635559
2018-12-15,5246.25,308.6165161
2018-12-16,3848.25,211.8711853
2018-12-17,5850.5,328.96090699999996
2018-12-18,5677.75,331.6828613
2018-12-19,5319.0,318.08728030000003
2018-12-20,5203.0,360.1359863
2018-12-21,5437.5,289.165741
2018-12-22,4607.5,251.6799774
2018-12-23,3234.25,155.78196719999997
2018-12-24,4930.5,283.62484739999996
2018-12-25,3252.75,152.9599762
2018-12-26,3270.75,154.79689030000003
2018-12-27,4991.5,285.6050415
2018-12-28,5065.5,268.2295837
2018-12-29,4512.0,250.02235409999997
2018-12-30,3192.5,153.85545349999998
2018-12-31,4875.25,262.41827390000003
2019-01-01,3248.75,153.9469604
2019-01-02,5952.75,336.0744019
2019-01-03,5827.25,336.71899410000003
2019-01-04,5454.0,316.20516969999994
2019-01-05,4756.5,269.19226069999996
2019-01-06,3664.5,195.89248659999998
2019-01-07,5967.0,345.3973999
2019-01-08,6005.75,349.2756653
2019-01-09,5797.25,342.8735046
2019-01-10,5609.5,329.9985352
2019-01-11,5461.5,319.37365719999997
2019-01-12,4806.75,265.64529419999997
2019-01-13,3524.0,188.9930573
2019-01-14,6120.0,353.3476257
2019-01-15,6165.25,350.0592346
2019-01-16,5775.5,355.6448059
2019-01-17,5629.25,370.99700930000006
2019-01-18,5645.25,323.8501282
2019-01-19,4820.25,273.80914310000003
2019-01-20,3837.75,210.04722599999997
2019-01-21,6042.75,346.4181213
2019-01-22,6164.25,361.7094421
2019-01-23,6095.0,352.651947
2019-01-24,5918.25,342.4956665
2019-01-25,5845.5,340.90579219999995
2019-01-26,4983.75,275.31759639999996
2019-01-27,3702.5,196.4788666
2019-01-28,5953.5,353.2183228
2019-01-29,5969.5,334.03125
2019-01-30,6084.25,359.381012
2019-01-31,6012.75,349.5110168
2019-02-01,5761.5,346.02359010000004
2019-02-02,5037.75,290.86773680000005
2019-02-03,3865.25,203.3448334
2019-02-04,6445.0,378.7956543
2019-02-05,6443.25,381.2695618
2019-02-06,6381.5,367.14257810000004
2019-02-07,6398.75,373.4649048
2019-02-08,6255.5,363.02008060000003
2019-02-09,5307.75,290.2432251
2019-02-10,4091.0,202.99534609999998
2019-02-11,6660.0,379.4920959
2019-02-12,5670.0,311.66497799999996
2019-02-13,6333.25,360.7960815
2019-02-14,6403.5,371.0251465
2019-02-15,6030.0,343.3301392
2019-02-16,5039.25,278.7395935
2019-02-17,3607.25,185.0136566
2019-02-18,3315.75,161.6240082
2019-02-19,6037.25,348.6096497
2019-02-20,5386.0,317.9942932
2019-02-21,5322.25,362.9938965
2019-02-22,5857.0,330.7106628
2019-02-23,5310.5,299.51028439999993
2019-02-24,3816.0,199.7483673
2019-02-25,6323.0,354.7929993
2019-02-26,6289.25,353.9518738
2019-02-27,6327.75,362.2733459
2019-02-28,6185.5,350.08438110000003
2019-03-01,6093.75,352.74969480000004
2019-03-02,5231.5,285.0688782
2019-03-03,3998.0,203.576889
2019-03-04,6205.75,348.9155273
2019-03-05,6130.5,356.93756099999996
2019-03-06,6370.75,370.79211430000004
2019-03-07,6293.0,361.444519
2019-03-08,6055.5,357.8577881
2019-03-09,5142.0,287.480896
2019-03-10,3573.0,197.99710080000003
2019-03-11,6237.0,354.55499269999996
2019-03-12,6138.5,362.9151611
2019-03-13,5988.75,349.2930908
2019-03-14,5958.5,348.29690550000004
2019-03-15,5650.75,326.1889038
2019-03-16,4692.5,251.8235474
2019-03-17,3566.5,195.7420502
2019-03-18,5544.75,324.55688480000003
2019-03-19,5411.5,329.7469788
2019-03-20,5396.25,307.1177063
2019-03-21,5452.0,327.13433839999993
2019-03-22,5342.75,312.11715699999996
2019-03-23,4393.75,247.82334900000004
2019-03-24,3567.75,194.52793880000002
2019-03-25,5362.5,311.9407654
2019-03-26,5434.25,324.14944460000004
2019-03-27,5619.0,319.6051941
2019-03-28,5501.75,327.7052917
2019-03-29,5295.0,321.68069460000004
2019-03-30,4554.75,259.2316895
2019-03-31,3540.75,191.940567
2019-04-01,5483.0,315.41119380000004
2019-04-02,5444.75,321.0967712
2019-04-03,5574.75,332.4362488
2019-04-04,5541.0,321.6843262
2019-04-05,5355.25,309.7664185
2019-04-06,4830.75,274.7771606
2019-04-07,3774.75,207.07124330000002
2019-04-08,5672.5,319.9794006
2019-04-09,5491.75,313.46020510000005
2019-04-10,5545.5,318.3078003
2019-04-11,5654.75,326.2928467
2019-04-12,5578.75,319.72961430000004
2019-04-13,4969.75,287.4128418
2019-04-14,3822.25,218.68946839999998
2019-04-15,5807.25,329.66806030000004
2019-04-16,5579.75,311.71340939999993
2019-04-17,5484.75,315.8796997
2019-04-18,5426.5,315.03079219999995
2019-04-19,3514.5,196.128952
2019-04-20,4684.25,267.5958252
2019-04-21,3541.0,198.46043400000002
2019-04-22,3783.5,216.4414978
2019-04-23,5649.25,321.6923523
2019-04-24,5331.25,307.58880619999996
2019-04-25,5253.75,308.980011
2019-04-26,4913.75,287.00552369999997
2019-04-27,4020.25,207.1688232
2019-04-28,3188.5,162.3479004
2019-04-29,4901.0,276.3541565
2019-04-30,4854.5,285.3526611
2019-05-01,5025.5,292.53182979999997
2019-05-02,5012.25,290.903656
2019-05-03,4778.25,266.229248
2019-05-04,3930.75,210.3040924
2019-05-05,3086.25,150.45704650000002
2019-05-06,5061.5,293.9650269
2019-05-07,4838.5,280.13095089999996
2019-05-08,5073.75,289.8972778
2019-05-09,5572.75,355.9339905
2019-05-10,5856.0,374.83596800000004
2019-05-11,4671.0,268.4840088
2019-05-12,3136.75,153.2513428
2019-05-13,5145.25,289.04187010000004
2019-05-14,5107.25,292.90820310000004
2019-05-15,4953.25,284.23391719999995
2019-05-16,4823.0,268.178833
2019-05-17,5104.25,305.4672852
2019-05-18,4177.0,224.71249390000003
2019-05-19,3074.0,149.11720280000003
2019-05-20,3126.25,154.72589109999998
2019-05-21,5068.5,309.50091549999996
2019-05-22,5398.75,340.1408997
2019-05-23,5409.75,344.52304080000005
2019-05-24,5073.25,294.1265869
2019-05-25,4228.0,219.01806639999998
2019-05-26,3146.0,149.3557129
2019-05-27,5844.25,356.66452030000005
2019-05-28,5301.25,324.12365719999997
2019-05-29,5391.25,344.1470032
2019-05-30,5684.25,353.53964229999997
2019-05-31,5745.75,360.0213318
2019-06-01,5048.25,300.6460266
2019-06-02,4018.5,228.82217409999998
2019-06-03,5913.25,361.2172852
2019-06-04,5507.5,331.9650574
2019-06-05,5403.5,322.1473999
2019-06-06,5168.25,294.7799377
2019-06-07,5187.5,309.46047969999995
2019-06-08,4317.0,259.80828859999997
2019-06-09,3221.75,159.33909609999998
2019-06-10,5577.25,335.362854
2019-06-11,5878.25,361.2929077
2019-06-12,6294.0,383.2249451
2019-06-13,6431.5,403.93795780000005
2019-06-14,5647.75,355.5446167
2019-06-15,4742.0,288.6853333
2019-06-16,3223.25,151.8391876
2019-06-17,6186.0,387.05163569999996
2019-06-18,5855.25,403.0237732
2019-06-19,5110.0,281.92053219999997
2019-06-20,5218.5,318.12734989999996
2019-06-21,5474.0,345.17999269999996
2019-06-22,4304.5,233.8082275
2019-06-23,3166.5,150.3981781
2019-06-24,5461.5,338.6207275
2019-06-25,5391.25,351.48693849999995
2019-06-26,5453.75,358.00872799999996
2019-06-27,5208.5,327.78634639999996
2019-06-28,5116.25,323.0588989
2019-06-29,4561.75,261.8236694
2019-06-30,3204.25,155.003952
2019-07-01,3234.25,156.1929932
2019-07-02,5668.5,341.1550293
2019-07-03,5659.0,391.26031489999997
2019-07-04,5824.5,381.5503845
2019-07-05,5091.75,302.6584167
2019-07-06,4298.75,245.3249969
2019-07-07,3261.25,159.5899506
2019-07-08,5879.5,365.45812989999996
2019-07-09,6161.5,400.266571
2019-07-10,5901.25,348.9595337
2019-07-11,6200.5,384.1639709
2019-07-12,6024.5,385.7843628
2019-07-13,5160.0,290.8544006
2019-07-14,3418.5,168.6651611
2019-07-15,6430.0,447.96398930000004
2019-07-16,6529.5,431.76141359999997
2019-07-17,5807.5,358.2782898
2019-07-18,5454.25,341.19509889999995
2019-07-19,5497.0,338.2234802
2019-07-20,4654.75,279.466095
2019-07-21,3259.5,155.65739440000002
2019-07-22,6485.25,417.7631836
2019-07-23,6146.0,395.8616028
2019-07-24,6035.25,381.9314575
2019-07-25,6142.75,382.584198
2019-07-26,6120.5,409.50720210000003
2019-07-27,5160.25,290.582489
2019-07-28,3328.0,162.6915436
2019-07-29,6417.25,407.8415833
2019-07-30,291.25,162.0878448
