"Station","Date","Time","Precip","type","Air max","min","obs","Wx","Wind dir","speed","Bulb wet","dry","Soil max","min","Evap","Solar","ETo","RH max","min"
SAN_DIEGO.A,20180101,2359,0.00,,67,48,,,0,0,,,,,,250,,96.0,50.0,
SAN_DIEGO.A,20180102,2359,0.00,,74,52,,,0,0,,,,,,271,,94.0,29.0,
SAN_DIEGO.A,20180103,2359,0.00,,69,53,,,0,0,,,,,,124,,93.0,48.0,
SAN_DIEGO.A,20180104,2359,0.00,,75,52,,,0,0,,,,,,260,,95.0,29.0,
SAN_DIEGO.A,20180105,2359,0.00,,73,54,,,0,0,,,,,,258,,94.0,40.0,
SAN_DIEGO.A,20180106,2359,0.00,,71,57,,,0,0,,,,,,189,,95.0,59.0,
SAN_DIEGO.A,20180107,2359,0.00,,70,54,,,0,0,,,,,,227,,94.0,56.0,
SAN_DIEGO.A,20180108,2359,0.24,,71,59,,,0,0,,,,,,99,,91.0,48.0,
SAN_DIEGO.A,20180109,2359,1.56,,64,55,,,0,0,,,,,,148,,95.0,63.0,
SAN_DIEGO.A,20180110,2359,0.10,,62,52,,,0,0,,,,,,133,,93.0,73.0,
SAN_DIEGO.A,20180111,2359,0.04,,69,49,,,0,0,,,,,,282,,94.0,52.0,
SAN_DIEGO.A,20180112,2359,0.02,,72,49,,,0,0,,,,,,279,,96.0,51.0,
SAN_DIEGO.A,20180113,2359,0.00,,80,54,,,0,0,,,,,,287,,78.0,17.0,
SAN_DIEGO.A,20180114,2359,0.00,,80,55,,,0,0,,,,,,233,,75.0,16.0,
SAN_DIEGO.A,20180115,2359,0.00,,72,53,,,0,0,,,,,,272,,82.0,26.0,
SAN_DIEGO.A,20180116,2359,0.00,,70,50,,,0,0,,,,,,258,,93.0,46.0,
SAN_DIEGO.A,20180117,2359,0.00,,74,52,,,0,0,,,,,,274,,92.0,35.0,
SAN_DIEGO.A,20180118,2359,0.00,,74,52,,,0,0,,,,,,256,,92.0,39.0,
SAN_DIEGO.A,20180119,2359,0.01,,64,54,,,0,0,,,,,,160,,93.0,64.0,
SAN_DIEGO.A,20180120,2359,0.00,,60,49,,,0,0,,,,,,244,,65.0,41.0,
SAN_DIEGO.A,20180121,2359,0.00,,62,44,,,0,0,,,,,,285,,73.0,37.0,
SAN_DIEGO.A,20180122,2359,0.00,,66,44,,,0,0,,,,,,306,,61.0,24.0,
SAN_DIEGO.A,20180123,2359,0.00,,72,45,,,0,0,,,,,,314,,50.0,20.0,
SAN_DIEGO.A,20180124,2359,0.00,,77,48,,,0,0,,,,,,317,,45.0,10.0,
SAN_DIEGO.A,20180125,2359,0.00,,63,44,,,0,0,,,,,,282,,81.0,36.0,
SAN_DIEGO.A,20180126,2359,0.00,,62,47,,,0,0,,,,,,310,,83.0,39.0,
SAN_DIEGO.A,20180127,2359,0.00,,70,45,,,0,0,,,,,,300,,66.0,18.0,
SAN_DIEGO.A,20180128,2359,0.00,,81,49,,,0,0,,,,,,326,,39.0,13.0,
SAN_DIEGO.A,20180129,2359,0.00,,84,53,,,0,0,,,,,,332,,36.0,12.0,
SAN_DIEGO.A,20180130,2359,0.00,,82,58,,,0,0,,,,,,230,,32.0,12.0,
SAN_DIEGO.A,20180131,2359,0.00,,77,54,,,0,0,,,,,,337,,49.0,15.0,
SAN_DIEGO.A,20180201,2359,0.00,,74,52,,,0,0,,,,,,340,,90.0,34.0,
SAN_DIEGO.A,20180202,2359,0.00,,79,54,,,0,0,,,,,,333,,66.0,17.0,
SAN_DIEGO.A,20180203,2359,0.00,,77,54,,,0,0,,,,,,342,,53.0,21.0,
SAN_DIEGO.A,20180204,2359,0.00,,82,52,,,0,0,,,,,,346,,68.0,21.0,
SAN_DIEGO.A,20180205,2359,0.00,,69,50,,,0,0,,,,,,349,,93.0,54.0,
SAN_DIEGO.A,20180206,2359,0.00,,65,52,,,0,0,,,,,,343,,92.0,63.0,
SAN_DIEGO.A,20180207,2359,0.00,,80,50,,,0,0,,,,,,361,,95.0,17.0,
SAN_DIEGO.A,20180208,2359,0.00,,78,51,,,0,0,,,,,,367,,73.0,13.0,
SAN_DIEGO.A,20180209,2359,0.00,,65,48,,,0,0,,,,,,339,,93.0,63.0,
SAN_DIEGO.A,20180210,2359,0.00,,64,55,,,0,0,,,,,,210,,84.0,62.0,
SAN_DIEGO.A,20180211,2359,0.00,,68,52,,,0,0,,,,,,351,,91.0,52.0,
SAN_DIEGO.A,20180212,2359,0.00,,61,54,,,0,0,,,,,,193,,79.0,52.0,
SAN_DIEGO.A,20180213,2359,0.01,,65,49,,,0,0,,,,,,336,,82.0,40.0,
SAN_DIEGO.A,20180214,2359,0.00,,70,53,,,0,0,,,,,,299,,89.0,38.0,
SAN_DIEGO.A,20180215,2359,0.00,,69,52,,,0,0,,,,,,389,,90.0,45.0,
SAN_DIEGO.A,20180216,2359,0.00,,76,53,,,0,0,,,,,,391,,65.0,15.0,
SAN_DIEGO.A,20180217,2359,0.00,,75,49,,,0,0,,,,,,402,,45.0,12.0,
SAN_DIEGO.A,20180218,2359,0.00,,67,50,,,0,0,,,,,,384,,76.0,37.0,
SAN_DIEGO.A,20180219,2359,0.00,,58,46,,,0,0,,,,,,408,,70.0,34.0,
SAN_DIEGO.A,20180220,2359,0.00,,57,39,,,0,0,,,,,,443,,68.0,20.0,
SAN_DIEGO.A,20180221,2359,0.00,,60,40,,,0,0,,,,,,396,,65.0,34.0,
SAN_DIEGO.A,20180222,2359,0.04,,59,43,,,0,0,,,,,,285,,80.0,56.0,
SAN_DIEGO.A,20180223,2359,0.00,,58,45,,,0,0,,,,,,510,,,,
SAN_DIEGO.A,20180224,2359,0.00,,63,41,,,0,0,,,,,,464,,62.0,22.0,
SAN_DIEGO.A,20180225,2359,0.00,,68,39,,,0,0,,,,,,459,,63.0,29.0,
SAN_DIEGO.A,20180226,2359,0.00,,63,44,,,0,0,,,,,,450,,77.0,39.0,
SAN_DIEGO.A,20180227,2359,0.48,,57,44,,,0,0,,,,,,338,,95.0,50.0,
SAN_DIEGO.A,20180228,2359,0.00,,61,42,,,0,0,,,,,,436,,88.0,55.0,
SAN_DIEGO.A,20180301,2359,0.00,,62,45,,,0,0,,,,,,460,,87.0,53.0,
SAN_DIEGO.A,20180302,2359,0.00,,65,45,,,0,0,,,,,,467,,89.0,52.0,
SAN_DIEGO.A,20180303,2359,0.12,,63,52,,,0,0,,,,,,316,,98.0,57.0,
SAN_DIEGO.A,20180304,2359,0.02,,61,47,,,0,0,,,,,,462,,84.0,44.0,
SAN_DIEGO.A,20180305,2359,0.00,,70,44,,,0,0,,,,,,484,,76.0,18.0,
SAN_DIEGO.A,20180306,2359,0.00,,76,50,,,0,0,,,,,,491,,51.0,12.0,
SAN_DIEGO.A,20180307,2359,0.00,,72,50,,,0,0,,,,,,394,,79.0,19.0,
SAN_DIEGO.A,20180308,2359,0.00,,71,52,,,0,0,,,,,,369,,87.0,31.0,
SAN_DIEGO.A,20180309,2359,0.00,,69,51,,,0,0,,,,,,435,,94.0,57.0,
SAN_DIEGO.A,20180310,2359,0.54,,60,57,,,0,0,,,,,,71,,100.0,88.0,
SAN_DIEGO.A,20180311,2359,0.00,,68,57,,,0,0,,,,,,345,,94.0,73.0,
SAN_DIEGO.A,20180312,2359,0.00,,69,57,,,0,0,,,,,,417,,94.0,71.0,
SAN_DIEGO.A,20180313,2359,0.02,,70,57,,,0,0,,,,,,310,,99.0,71.0,
SAN_DIEGO.A,20180314,2359,0.04,,67,58,,,0,0,,,,,,378,,99.0,59.0,
SAN_DIEGO.A,20180315,2359,0.08,,63,50,,,0,0,,,,,,408,,92.0,54.0,
SAN_DIEGO.A,20180316,2359,0.00,,63,53,,,0,0,,,,,,659,,84.0,49.0,
SAN_DIEGO.A,20180317,2359,0.24,,63,50,,,0,0,,,,,,339,,99.0,55.0,
SAN_DIEGO.A,20180318,2359,0.00,,62,47,,,0,0,,,,,,455,,91.0,50.0,
SAN_DIEGO.A,20180319,2359,0.00,,70,47,,,0,0,,,,,,511,,89.0,37.0,
SAN_DIEGO.A,20180320,2359,0.00,,71,50,,,0,0,,,,,,478,,90.0,36.0,
SAN_DIEGO.A,20180321,2359,0.00,,76,52,,,0,0,,,,,,472,,71.0,27.0,
SAN_DIEGO.A,20180322,2359,0.00,,73,58,,,0,0,,,,,,162,,89.0,48.0,
SAN_DIEGO.A,20180323,2359,0.00,,66,56,,,0,0,,,,,,451,,97.0,74.0,
SAN_DIEGO.A,20180324,2359,0.00,,64,52,,,0,0,,,,,,444,,88.0,56.0,
SAN_DIEGO.A,20180325,2359,0.00,,63,50,,,0,0,,,,,,511,,82.0,49.0,
SAN_DIEGO.A,20180326,2359,0.00,,63,48,,,0,0,,,,,,426,,75.0,50.0,
SAN_DIEGO.A,20180327,2359,0.00,,68,47,,,0,0,,,,,,567,,71.0,32.0,
SAN_DIEGO.A,20180328,2359,0.00,,73,49,,,0,0,,,,,,567,,96.0,32.0,
SAN_DIEGO.A,20180329,2359,0.00,,71,49,,,0,0,,,,,,543,,100.0,54.0,
SAN_DIEGO.A,20180330,2359,0.00,,69,55,,,0,0,,,,,,215,,99.0,54.0,
SAN_DIEGO.A,20180331,2359,0.00,,69,52,,,0,0,,,,,,506,,100.0,67.0,
SAN_DIEGO.A,20180401,2359,0.00,,66,54,,,0,0,,,,,,546,,93.0,66.0,
SAN_DIEGO.A,20180402,2359,0.00,,64,57,,,0,0,,,,,,275,,84.0,69.0,
SAN_DIEGO.A,20180403,2359,0.00,,68,56,,,0,0,,,,,,498,,92.0,64.0,
SAN_DIEGO.A,20180404,2359,0.00,,66,55,,,0,0,,,,,,326,,93.0,76.0,
SAN_DIEGO.A,20180405,2359,0.00,,67,55,,,0,0,,,,,,522,,94.0,62.0,
SAN_DIEGO.A,20180406,2359,0.00,,68,54,,,0,0,,,,,,536,,94.0,65.0,
SAN_DIEGO.A,20180407,2359,0.00,,73,57,,,0,0,,,,,,476,,94.0,68.0,
SAN_DIEGO.A,20180408,2359,0.00,,73,55,,,0,0,,,,,,595,,92.0,60.0,
SAN_DIEGO.A,20180409,2359,0.00,,80,54,,,0,0,,,,,,608,,94.0,48.0,
SAN_DIEGO.A,20180410,2359,0.00,,86,55,,,0,0,,,,,,615,,97.0,20.0,
SAN_DIEGO.A,20180411,2359,0.01,,74,56,,,0,0,,,,,,580,,99.0,52.0,
SAN_DIEGO.A,20180412,2359,0.00,,66,53,,,0,0,,,,,,595,,86.0,54.0,
SAN_DIEGO.A,20180413,2359,0.01,,75,51,,,0,0,,,,,,626,,80.0,21.0,
SAN_DIEGO.A,20180414,2359,0.00,,84,52,,,0,0,,,,,,651,,39.0,12.0,
SAN_DIEGO.A,20180415,2359,0.00,,76,55,,,0,0,,,,,,535,,93.0,23.0,
SAN_DIEGO.A,20180416,2359,0.00,,66,54,,,0,0,,,,,,553,,93.0,52.0,
SAN_DIEGO.A,20180417,2359,0.02,,65,49,,,0,0,,,,,,654,,77.0,35.0,
SAN_DIEGO.A,20180418,2359,0.01,,66,49,,,0,0,,,,,,635,,88.0,61.0,
SAN_DIEGO.A,20180419,2359,0.01,,63,50,,,0,0,,,,,,461,,85.0,54.0,
SAN_DIEGO.A,20180420,2359,0.00,,67,50,,,0,0,,,,,,660,,92.0,48.0,
SAN_DIEGO.A,20180421,2359,0.01,,77,51,,,0,0,,,,,,566,,96.0,38.0,
SAN_DIEGO.A,20180422,2359,0.00,,75,53,,,0,0,,,,,,666,,98.0,47.0,
SAN_DIEGO.A,20180423,2359,0.00,,72,54,,,0,0,,,,,,618,,100.0,58.0,
SAN_DIEGO.A,20180424,2359,0.00,,70,54,,,0,0,,,,,,594,,98.0,61.0,
SAN_DIEGO.A,20180425,2359,0.09,,68,54,,,0,0,,,,,,639,,90.0,62.0,
SAN_DIEGO.A,20180426,2359,0.00,,67,56,,,0,0,,,,,,601,,84.0,63.0,
SAN_DIEGO.A,20180427,2359,0.00,,67,54,,,0,0,,,,,,603,,93.0,60.0,
SAN_DIEGO.A,20180428,2359,0.00,,69,54,,,0,0,,,,,,658,,86.0,60.0,
SAN_DIEGO.A,20180429,2359,0.00,,66,56,,,0,0,,,,,,502,,84.0,64.0,
SAN_DIEGO.A,20180430,2359,0.00,,62,55,,,0,0,,,,,,249,,93.0,73.0,
SAN_DIEGO.A,20180501,2359,0.00,,61,52,,,0,0,,,,,,260,,96.0,62.0,
SAN_DIEGO.A,20180502,2359,0.00,,64,52,,,0,0,,,,,,350,,96.0,61.0,
SAN_DIEGO.A,20180503,2359,0.00,,69,50,,,0,0,,,,,,669,,92.0,57.0,
SAN_DIEGO.A,20180504,2359,0.01,,86,54,,,0,0,,,,,,691,,94.0,30.0,
SAN_DIEGO.A,20180505,2359,0.10,,81,55,,,0,0,,,,,,697,,96.0,44.0,
SAN_DIEGO.A,20180506,2359,0.00,,76,55,,,0,0,,,,,,693,,91.0,56.0,
SAN_DIEGO.A,20180507,2359,0.00,,69,55,,,0,0,,,,,,692,,96.0,66.0,
SAN_DIEGO.A,20180508,2359,0.00,,68,54,,,0,0,,,,,,543,,96.0,68.0,
SAN_DIEGO.A,20180509,2359,0.00,,71,58,,,0,0,,,,,,627,,92.0,65.0,
SAN_DIEGO.A,20180510,2359,0.00,,68,58,,,0,0,,,,,,519,,94.0,72.0,
SAN_DIEGO.A,20180511,2359,0.00,,61,56,,,0,0,,,,,,165,,87.0,75.0,
SAN_DIEGO.A,20180512,2359,0.00,,64,54,,,0,0,,,,,,350,,96.0,64.0,
SAN_DIEGO.A,20180513,2359,0.00,,68,56,,,0,0,,,,,,580,,87.0,54.0,
SAN_DIEGO.A,20180514,2359,0.00,,69,55,,,0,0,,,,,,575,,89.0,65.0,
SAN_DIEGO.A,20180515,2359,0.00,,69,58,,,0,0,,,,,,566,,83.0,60.0,
SAN_DIEGO.A,20180516,2359,0.00,,69,58,,,0,0,,,,,,595,,89.0,59.0,
SAN_DIEGO.A,20180517,2359,0.00,,66,56,,,0,0,,,,,,491,,92.0,64.0,
SAN_DIEGO.A,20180518,2359,0.01,,65,58,,,0,0,,,,,,223,,89.0,70.0,
SAN_DIEGO.A,20180519,2359,0.00,,66,58,,,0,0,,,,,,246,,84.0,72.0,
SAN_DIEGO.A,20180520,2359,0.00,,66,58,,,0,0,,,,,,244,,91.0,72.0,
SAN_DIEGO.A,20180521,2359,0.00,,64,57,,,0,0,,,,,,399,,95.0,68.0,
SAN_DIEGO.A,20180522,2359,0.00,,66,57,,,0,0,,,,,,556,,85.0,60.0,
SAN_DIEGO.A,20180523,2359,0.00,,68,57,,,0,0,,,,,,349,,89.0,71.0,
SAN_DIEGO.A,20180524,2359,0.01,,66,58,,,0,0,,,,,,265,,92.0,70.0,
SAN_DIEGO.A,20180525,2359,0.00,,69,59,,,0,0,,,,,,676,,84.0,57.0,
SAN_DIEGO.A,20180526,2359,0.00,,68,56,,,0,0,,,,,,470,,89.0,60.0,
SAN_DIEGO.A,20180527,2359,0.00,,70,58,,,0,0,,,,,,634,,83.0,62.0,
SAN_DIEGO.A,20180528,2359,0.00,,70,59,,,0,0,,,,,,551,,91.0,66.0,
SAN_DIEGO.A,20180529,2359,0.01,,66,59,,,0,0,,,,,,241,,91.0,77.0,
SAN_DIEGO.A,20180530,2359,0.00,,68,59,,,0,0,,,,,,477,,92.0,70.0,
SAN_DIEGO.A,20180531,2359,0.01,,70,59,,,0,0,,,,,,488,,96.0,64.0,
SAN_DIEGO.A,20180601,2359,0.00,,71,58,,,0,0,,,,,,714,,93.0,61.0,
SAN_DIEGO.A,20180602,2359,0.00,,73,55,,,0,0,,,,,,676,,96.0,63.0,
SAN_DIEGO.A,20180603,2359,0.01,,73,60,,,0,0,,,,,,716,,94.0,64.0,
SAN_DIEGO.A,20180604,2359,0.00,,69,60,,,0,0,,,,,,604,,91.0,73.0,
SAN_DIEGO.A,20180605,2359,0.02,,68,60,,,0,0,,,,,,445,,91.0,70.0,
SAN_DIEGO.A,20180606,2359,0.00,,70,60,,,0,0,,,,,,623,,87.0,66.0,
SAN_DIEGO.A,20180607,2359,0.00,,70,58,,,0,0,,,,,,717,,92.0,63.0,
SAN_DIEGO.A,20180608,2359,0.04,,77,56,,,0,0,,,,,,717,,96.0,59.0,
SAN_DIEGO.A,20180609,2359,0.01,,78,62,,,0,0,,,,,,691,,95.0,54.0,
SAN_DIEGO.A,20180610,2359,0.02,,73,61,,,0,0,,,,,,696,,95.0,65.0,
SAN_DIEGO.A,20180611,2359,0.04,,75,61,,,0,0,,,,,,687,,96.0,64.0,
SAN_DIEGO.A,20180612,2359,0.04,,74,61,,,0,0,,,,,,684,,96.0,66.0,
SAN_DIEGO.A,20180613,2359,0.03,,75,61,,,0,0,,,,,,708,,94.0,66.0,
SAN_DIEGO.A,20180614,2359,0.02,,82,63,,,0,0,,,,,,664,,93.0,57.0,
SAN_DIEGO.A,20180615,2359,0.00,,75,63,,,0,0,,,,,,646,,90.0,68.0,
SAN_DIEGO.A,20180616,2359,0.00,,66,61,,,0,0,,,,,,264,,86.0,71.0,
SAN_DIEGO.A,20180617,2359,0.00,,69,60,,,0,0,,,,,,496,,84.0,57.0,
SAN_DIEGO.A,20180618,2359,0.00,,71,61,,,0,0,,,,,,713,,86.0,57.0,
SAN_DIEGO.A,20180619,2359,0.02,,71,61,,,0,0,,,,,,567,,88.0,68.0,
SAN_DIEGO.A,20180620,2359,0.02,,72,60,,,0,0,,,,,,458,,94.0,73.0,
SAN_DIEGO.A,20180621,2359,0.00,,72,62,,,0,0,,,,,,489,,92.0,74.0,
SAN_DIEGO.A,20180622,2359,0.00,,75,62,,,0,0,,,,,,697,,91.0,70.0,
SAN_DIEGO.A,20180623,2359,0.00,,66,60,,,0,0,,,,,,273,,94.0,78.0,
SAN_DIEGO.A,20180624,2359,0.02,,70,60,,,0,0,,,,,,617,,89.0,71.0,
SAN_DIEGO.A,20180625,2359,0.00,,72,61,,,0,0,,,,,,718,,91.0,67.0,
SAN_DIEGO.A,20180626,2359,0.01,,75,60,,,0,0,,,,,,695,,94.0,64.0,
SAN_DIEGO.A,20180627,2359,0.00,,74,60,,,0,0,,,,,,690,,94.0,66.0,
SAN_DIEGO.A,20180628,2359,0.01,,70,60,,,0,0,,,,,,695,,88.0,68.0,
SAN_DIEGO.A,20180629,2359,0.00,,68,61,,,0,0,,,,,,447,,84.0,73.0,
SAN_DIEGO.A,20180630,2359,0.01,,69,60,,,0,0,,,,,,648,,88.0,68.0,
SAN_DIEGO.A,20180701,2359,0.01,,72,61,,,0,0,,,,,,688,,88.0,64.0,
SAN_DIEGO.A,20180702,2359,0.00,,75,61,,,0,0,,,,,,709,,90.0,65.0,
SAN_DIEGO.A,20180703,2359,0.02,,73,61,,,0,0,,,,,,681,,91.0,63.0,
SAN_DIEGO.A,20180704,2359,0.01,,75,62,,,0,0,,,,,,692,,91.0,62.0,
SAN_DIEGO.A,20180705,2359,0.02,,82,62,,,0,0,,,,,,697,,93.0,56.0,
SAN_DIEGO.A,20180706,2359,0.00,,98,60,,,0,0,,,,,,665,,,,
SAN_DIEGO.A,20180707,2359,0.00,,86,68,,,0,0,,,,,,684,,,,
SAN_DIEGO.A,20180708,2359,0.01,,86,69,,,0,0,,,,,,580,,,,
SAN_DIEGO.A,20180709,2359,0.00,,82,69,,,0,0,,,,,,420,,92.0,58.0,
SAN_DIEGO.A,20180710,2359,0.00,,80,67,,,0,0,,,,,,308,,93.0,54.0,
SAN_DIEGO.A,20180711,2359,0.00,,79,66,,,0,0,,,,,,640,,94.0,65.0,
SAN_DIEGO.A,20180712,2359,0.00,,78,68,,,0,0,,,,,,651,,91.0,68.0,
SAN_DIEGO.A,20180713,2359,0.00,,80,67,,,0,0,,,,,,628,,91.0,70.0,
SAN_DIEGO.A,20180714,2359,0.01,,79,68,,,0,0,,,,,,645,,93.0,70.0,
SAN_DIEGO.A,20180715,2359,0.02,,79,64,,,0,0,,,,,,612,,94.0,68.0,
SAN_DIEGO.A,20180716,2359,0.02,,78,65,,,0,0,,,,,,576,,93.0,71.0,
SAN_DIEGO.A,20180717,2359,0.00,,77,66,,,0,0,,,,,,534,,90.0,74.0,
SAN_DIEGO.A,20180718,2359,0.02,,76,65,,,0,0,,,,,,518,,93.0,71.0,
SAN_DIEGO.A,20180719,2359,0.01,,79,65,,,0,0,,,,,,619,,92.0,67.0,
SAN_DIEGO.A,20180720,2359,0.00,,76,66,,,0,0,,,,,,421,,92.0,72.0,
SAN_DIEGO.A,20180721,2359,0.00,,80,68,,,0,0,,,,,,604,,92.0,63.0,
SAN_DIEGO.A,20180722,2359,0.00,,84,67,,,0,0,,,,,,662,,90.0,60.0,
SAN_DIEGO.A,20180723,2359,0.00,,85,67,,,0,0,,,,,,674,,93.0,59.0,
SAN_DIEGO.A,20180724,2359,0.23,,85,67,,,0,0,,,,,,637,,95.0,63.0,
SAN_DIEGO.A,20180725,2359,0.00,,79,67,,,0,0,,,,,,525,,95.0,71.0,
SAN_DIEGO.A,20180726,2359,0.06,,77,66,,,0,0,,,,,,426,,97.0,75.0,
SAN_DIEGO.A,20180727,2359,0.14,,87,66,,,0,0,,,,,,602,,94.0,61.0,
SAN_DIEGO.A,20180728,2359,0.09,,77,68,,,0,0,,,,,,467,,93.0,71.0,
SAN_DIEGO.A,20180729,2359,0.15,,88,68,,,0,0,,,,,,602,,92.0,39.0,
SAN_DIEGO.A,20180730,2359,0.00,,83,69,,,0,0,,,,,,633,,93.0,64.0,
SAN_DIEGO.A,20180731,2359,0.02,,83,69,,,0,0,,,,,,619,,93.0,54.0,
SAN_DIEGO.A,20180801,2359,0.01,,85,70,,,0,0,,,,,,647,,89.0,53.0,
SAN_DIEGO.A,20180802,2359,0.06,,84,69,,,0,0,,,,,,638,,92.0,57.0,
SAN_DIEGO.A,20180803,2359,0.00,,84,69,,,0,0,,,,,,640,,95.0,67.0,
SAN_DIEGO.A,20180804,2359,0.02,,83,67,,,0,0,,,,,,631,,95.0,65.0,
SAN_DIEGO.A,20180805,2359,0.01,,83,67,,,0,0,,,,,,659,,95.0,61.0,
SAN_DIEGO.A,20180806,2359,0.00,,85,67,,,0,0,,,,,,656,,95.0,57.0,
SAN_DIEGO.A,20180807,2359,0.01,,90,69,,,0,0,,,,,,623,,97.0,36.0,
SAN_DIEGO.A,20180808,2359,0.00,,90,70,,,0,0,,,,,,630,,,,
SAN_DIEGO.A,20180809,2359,0.02,,90,74,,,0,0,,,,,,524,,,,
SAN_DIEGO.A,20180810,2359,0.00,,89,74,,,0,0,,,,,,598,,,,
SAN_DIEGO.A,20180811,2359,0.01,,87,72,,,0,0,,,,,,591,,93.0,48.0,
SAN_DIEGO.A,20180812,2359,0.02,,83,69,,,0,0,,,,,,564,,94.0,62.0,
SAN_DIEGO.A,20180813,2359,0.02,,80,68,,,0,0,,,,,,628,,95.0,59.0,
SAN_DIEGO.A,20180814,2359,0.03,,80,67,,,0,0,,,,,,619,,90.0,66.0,
SAN_DIEGO.A,20180815,2359,0.01,,79,68,,,0,0,,,,,,484,,90.0,70.0,
SAN_DIEGO.A,20180816,2359,0.04,,79,68,,,0,0,,,,,,510,,90.0,72.0,
SAN_DIEGO.A,20180817,2359,0.00,,80,70,,,0,0,,,,,,574,,88.0,71.0,
SAN_DIEGO.A,20180818,2359,0.00,,81,70,,,0,0,,,,,,524,,93.0,69.0,
SAN_DIEGO.A,20180819,2359,0.02,,80,68,,,0,0,,,,,,586,,91.0,68.0,
SAN_DIEGO.A,20180820,2359,0.02,,79,68,,,0,0,,,,,,491,,90.0,69.0,
SAN_DIEGO.A,20180821,2359,0.01,,80,70,,,0,0,,,,,,540,,88.0,64.0,
SAN_DIEGO.A,20180822,2359,0.00,,81,69,,,0,0,,,,,,581,,86.0,66.0,
SAN_DIEGO.A,20180823,2359,0.00,,79,68,,,0,0,,,,,,567,,88.0,65.0,
SAN_DIEGO.A,20180824,2359,0.00,,77,67,,,0,0,,,,,,472,,87.0,64.0,
SAN_DIEGO.A,20180825,2359,0.02,,78,68,,,0,0,,,,,,481,,84.0,64.0,
SAN_DIEGO.A,20180826,2359,0.01,,78,65,,,0,0,,,,,,531,,92.0,63.0,
SAN_DIEGO.A,20180827,2359,0.00,,77,65,,,0,0,,,,,,557,,91.0,63.0,
SAN_DIEGO.A,20180828,2359,0.00,,78,64,,,0,0,,,,,,543,,90.0,63.0,
SAN_DIEGO.A,20180829,2359,0.00,,82,65,,,0,0,,,,,,587,,93.0,62.0,
SAN_DIEGO.A,20180830,2359,0.00,,83,65,,,0,0,,,,,,596,,95.0,55.0,
SAN_DIEGO.A,20180831,2359,0.00,,79,64,,,0,0,,,,,,581,,95.0,64.0,
SAN_DIEGO.A,20180901,2359,0.01,,74,65,,,0,0,,,,,,513,,94.0,69.0,
SAN_DIEGO.A,20180902,2359,0.00,,75,66,,,0,0,,,,,,423,,86.0,64.0,
SAN_DIEGO.A,20180903,2359,0.00,,77,66,,,0,0,,,,,,392,,86.0,67.0,
SAN_DIEGO.A,20180904,2359,0.00,,74,66,,,0,0,,,,,,161,,89.0,74.0,
SAN_DIEGO.A,20180905,2359,0.00,,78,66,,,0,0,,,,,,501,,87.0,65.0,
SAN_DIEGO.A,20180906,2359,0.00,,75,66,,,0,0,,,,,,410,,92.0,71.0,
SAN_DIEGO.A,20180907,2359,0.00,,77,65,,,0,0,,,,,,495,,94.0,73.0,
SAN_DIEGO.A,20180908,2359,0.00,,84,64,,,0,0,,,,,,519,,98.0,63.0,
SAN_DIEGO.A,20180909,2359,0.01,,76,63,,,0,0,,,,,,548,,99.0,74.0,
SAN_DIEGO.A,20180910,2359,0.00,,77,60,,,0,0,,,,,,554,,95.0,67.0,
SAN_DIEGO.A,20180911,2359,0.00,,76,61,,,0,0,,,,,,531,,92.0,64.0,
SAN_DIEGO.A,20180912,2359,0.00,,78,63,,,0,0,,,,,,534,,93.0,62.0,
SAN_DIEGO.A,20180913,2359,0.00,,79,62,,,0,0,,,,,,529,,94.0,65.0,
SAN_DIEGO.A,20180914,2359,0.00,,86,63,,,0,0,,,,,,534,,96.0,38.0,
SAN_DIEGO.A,20180915,2359,0.00,,81,65,,,0,0,,,,,,513,,97.0,51.0,
SAN_DIEGO.A,20180916,2359,0.00,,81,63,,,0,0,,,,,,511,,97.0,57.0,
SAN_DIEGO.A,20180917,2359,0.00,,81,62,,,0,0,,,,,,516,,95.0,58.0,
SAN_DIEGO.A,20180918,2359,0.01,,80,55,,,,,,,,,,585,,,,
SAN_DIEGO.A,20180919,2359,0.02,,63,61,,,0,0,,,,,,570,,96.0,61.0,
SAN_DIEGO.A,20180920,2359,0.00,,71,61,,,0,0,,,,,,417,,95.0,70.0,
SAN_DIEGO.A,20180921,2359,0.00,,76,58,,,0,0,,,,,,467,,93.0,66.0,
SAN_DIEGO.A,20180922,2359,0.00,,79,63,,,0,0,,,,,,483,,96.0,68.0,
SAN_DIEGO.A,20180923,2359,0.00,,75,64,,,0,0,,,,,,438,,96.0,71.0,
SAN_DIEGO.A,20180924,2359,0.00,,69,64,,,0,0,,,,,,171,,87.0,75.0,
SAN_DIEGO.A,20180925,2359,0.00,,74,64,,,0,0,,,,,,369,,88.0,67.0,
SAN_DIEGO.A,20180926,2359,0.00,,74,65,,,0,0,,,,,,376,,90.0,72.0,
SAN_DIEGO.A,20180927,2359,0.00,,76,62,,,0,0,,,,,,422,,96.0,71.0,
SAN_DIEGO.A,20180928,2359,0.00,,74,64,,,0,0,,,,,,432,,95.0,67.0,
SAN_DIEGO.A,20180929,2359,0.00,,77,63,,,0,0,,,,,,459,,91.0,58.0,
SAN_DIEGO.A,20180930,2359,0.00,,82,63,,,0,0,,,,,,396,,91.0,60.0,
SAN_DIEGO.A,20181001,2359,0.00,,88,68,,,0,0,,,,,,244,,82.0,44.0,
SAN_DIEGO.A,20181002,2359,0.00,,77,65,,,0,0,,,,,,336,,92.0,57.0,
SAN_DIEGO.A,20181003,2359,0.00,,77,64,,,0,0,,,,,,339,,95.0,56.0,
SAN_DIEGO.A,20181004,2359,0.00,,76,65,,,0,0,,,,,,420,,93.0,66.0,
SAN_DIEGO.A,20181005,2359,0.01,,74,63,,,0,0,,,,,,316,,96.0,66.0,
SAN_DIEGO.A,20181006,2359,0.00,,70,62,,,0,0,,,,,,234,,93.0,73.0,
SAN_DIEGO.A,20181007,2359,0.01,,72,60,,,0,0,,,,,,322,,92.0,68.0,
SAN_DIEGO.A,20181008,2359,0.00,,73,58,,,0,0,,,,,,406,,94.0,64.0,
SAN_DIEGO.A,20181009,2359,0.00,,73,60,,,0,0,,,,,,420,,91.0,61.0,
SAN_DIEGO.A,20181010,2359,0.00,,71,57,,,0,0,,,,,,442,,85.0,60.0,
SAN_DIEGO.A,20181011,2359,0.00,,74,61,,,0,0,,,,,,370,,77.0,49.0,
SAN_DIEGO.A,20181012,2359,0.14,,73,57,,,0,0,,,,,,347,,95.0,58.0,
SAN_DIEGO.A,20181013,2359,0.33,,72,59,,,0,0,,,,,,217,,96.0,63.0,
SAN_DIEGO.A,20181014,2359,0.00,,73,59,,,0,0,,,,,,333,,91.0,59.0,
SAN_DIEGO.A,20181015,2359,0.00,,79,58,,,0,0,,,,,,403,,95.0,11.0,
SAN_DIEGO.A,20181016,2359,0.00,,78,54,,,0,0,,,,,,455,,78.0,13.0,
SAN_DIEGO.A,20181017,2359,0.00,,80,56,,,0,0,,,,,,431,,52.0,21.0,
SAN_DIEGO.A,20181018,2359,0.00,,82,56,,,0,0,,,,,,434,,57.0,25.0,
SAN_DIEGO.A,20181019,2359,0.00,,86,58,,,0,0,,,,,,434,,47.0,19.0,
SAN_DIEGO.A,20181020,2359,0.00,,85,61,,,0,0,,,,,,431,,85.0,19.0,
SAN_DIEGO.A,20181021,2359,0.00,,76,58,,,0,0,,,,,,419,,95.0,49.0,
SAN_DIEGO.A,20181022,2359,0.00,,71,61,,,0,0,,,,,,324,,90.0,66.0,
SAN_DIEGO.A,20181023,2359,0.00,,72,60,,,0,0,,,,,,362,,92.0,70.0,
SAN_DIEGO.A,20181024,2359,0.00,,73,61,,,0,0,,,,,,346,,96.0,68.0,
SAN_DIEGO.A,20181025,2359,0.00,,76,60,,,0,0,,,,,,338,,96.0,61.0,
SAN_DIEGO.A,20181026,2359,0.01,,80,53,,,,,,,,,,424,,,,
SAN_DIEGO.A,20181027,2359,0.01,,84,53,,,,,,,,,,421,,,,
SAN_DIEGO.A,20181028,2359,0.01,,78,53,,,,,,,,,,324,,,,
SAN_DIEGO.A,20181029,2359,0.01,,82,56,,,,,,,,,,373,,,,
SAN_DIEGO.A,20181030,2359,0.00,,72,56,,,,,,,,,,388,,,,
SAN_DIEGO.A,20181031,2359,0.00,,79,53,,,,,,,,,,405,,,,
SAN_DIEGO.A,20181101,2359,0.00,,82,51,,,,,,,,,,373,,,,
SAN_DIEGO.A,20181102,2359,0.00,,88,52,,,,,,,,,,404,,,,
SAN_DIEGO.A,20181103,2359,0.00,,86,54,,,,,,,,,,401,,,,
SAN_DIEGO.A,20181104,2359,0.00,,80,52,,,,,,,,,,322,,,,
SAN_DIEGO.A,20181105,2359,0.01,,74,49,,,,,,,,,,374,,,,
SAN_DIEGO.A,20181106,2359,0.00,,74,61,,,,,,,,,,354,,,,
SAN_DIEGO.A,20181107,2359,0.00,,71,59,,,,,,,,,,337,,,,
SAN_DIEGO.A,20181108,2359,0.00,,73,52,,,,,,,,,,343,,,,
SAN_DIEGO.A,20181109,2359,0.00,,80,47,,,,,,,,,,393,,,,
SAN_DIEGO.A,20181110,2359,0.00,,81,48,,,,,,,,,,393,,,,
SAN_DIEGO.A,20181111,2359,0.00,,76,46,,,,,,,,,,342,,,,
SAN_DIEGO.A,20181112,2359,0.00,,78,41,,,,,,,,,,392,,,,
SAN_DIEGO.A,20181113,2359,0.00,,79,45,,,,,,,,,,370,,,,
SAN_DIEGO.A,20181114,2359,0.00,,79,49,,,,,,,,,,354,,,,
SAN_DIEGO.A,20181115,2359,0.00,,77,45,,,,,,,,,,342,,,,
SAN_DIEGO.A,20181116,2359,0.00,,76,45,,,,,,,,,,360,,,,
SAN_DIEGO.A,20181117,2359,0.00,,74,46,,,,,,,,,,336,,,,
SAN_DIEGO.A,20181118,2359,0.00,,74,46,,,,,,,,,,343,,,,
SAN_DIEGO.A,20181119,2359,0.01,,74,45,,,,,,,,,,239,,,,
SAN_DIEGO.A,20181120,2359,0.00,,69,49,,,,,,,,,,323,,,,
SAN_DIEGO.A,20181121,2359,0.00,,67,57,,,,,,,,,,313,,,,
SAN_DIEGO.A,20181122,2359,0.19,,68,50,,,,,,,,,,245,,,,
SAN_DIEGO.A,20181123,2359,0.00,,69,50,,,,,,,,,,284,,,,
SAN_DIEGO.A,20181124,2359,0.00,,69,52,,,,,,,,,,172,,,,
SAN_DIEGO.A,20181125,2359,0.00,,73,50,,,,,,,,,,320,,,,
SAN_DIEGO.A,20181126,2359,0.00,,77,49,,,,,,,,,,330,,,,
SAN_DIEGO.A,20181127,2359,0.00,,76,46,,,,,,,,,,326,,,,
SAN_DIEGO.A,20181128,2359,0.00,,62,58,,,0,0,,,,,,198,,,,
SAN_DIEGO.A,20181129,2359,0.81,,63,57,,,0,0,,,,,,74,,99.0,71.0,
SAN_DIEGO.A,20181130,2359,0.19,,65,57,,,0,0,,,,,,235,,92.0,63.0,
SAN_DIEGO.A,20181201,2359,0.02,,66,53,,,0,0,,,,,,240,,87.0,60.0,
SAN_DIEGO.A,20181202,2359,0.00,,63,49,,,0,0,,,,,,290,,70.0,44.0,
SAN_DIEGO.A,20181203,2359,0.00,,69,46,,,0,0,,,,,,291,,76.0,26.0,
SAN_DIEGO.A,20181204,2359,0.00,,71,49,,,0,0,,,,,,216,,90.0,23.0,
SAN_DIEGO.A,20181205,2359,0.53,,64,45,,,0,0,,,,,,98,,96.0,47.0,
SAN_DIEGO.A,20181206,2359,0.74,,66,54,,,0,0,,,,,,83,,97.0,75.0,
SAN_DIEGO.A,20181207,2359,0.57,,68,53,,,0,0,,,,,,271,,94.0,57.0,
SAN_DIEGO.A,20181208,2359,0.06,,70,51,,,0,0,,,,,,277,,93.0,51.0,
SAN_DIEGO.A,20181209,2359,0.04,,72,50,,,0,0,,,,,,253,,87.0,48.0,
SAN_DIEGO.A,20181210,2359,0.03,,68,52,,,0,0,,,,,,140,,97.0,48.0,
SAN_DIEGO.A,20181211,2359,0.03,,66,52,,,0,0,,,,,,246,,98.0,66.0,
SAN_DIEGO.A,20181212,2359,0.02,,64,51,,,0,0,,,,,,254,,95.0,66.0,
SAN_DIEGO.A,20181213,2359,0.01,,79,49,,,0,0,,,,,,276,,98.0,21.0,
SAN_DIEGO.A,20181214,2359,0.01,,70,51,,,0,0,,,,,,132,,88.0,22.0,
SAN_DIEGO.A,20181215,2359,0.00,,70,50,,,0,0,,,,,,271,,89.0,31.0,
SAN_DIEGO.A,20181216,2359,0.00,,71,46,,,0,0,,,,,,266,,96.0,50.0,
SAN_DIEGO.A,20181217,2359,0.00,,66,53,,,0,0,,,,,,194,,97.0,63.0,
SAN_DIEGO.A,20181218,2359,0.00,,67,52,,,0,0,,,,,,259,,96.0,67.0,
SAN_DIEGO.A,20181219,2359,0.00,,71,50,,,0,0,,,,,,272,,98.0,51.0,
SAN_DIEGO.A,20181220,2359,0.00,,73,48,,,0,0,,,,,,268,,99.0,34.0,
SAN_DIEGO.A,20181221,2359,0.00,,65,50,,,0,0,,,,,,111,,100.0,67.0,
SAN_DIEGO.A,20181222,2359,0.00,,69,47,,,0,0,,,,,,244,,99.0,51.0,
SAN_DIEGO.A,20181223,2359,0.00,,66,51,,,0,0,,,,,,243,,100.0,68.0,
SAN_DIEGO.A,20181224,2359,0.01,,64,51,,,0,0,,,,,,247,,100.0,72.0,
SAN_DIEGO.A,20181225,2359,0.19,,60,48,,,0,0,,,,,,156,,97.0,71.0,
SAN_DIEGO.A,20181226,2359,0.02,,64,47,,,0,0,,,,,,265,,93.0,56.0,
SAN_DIEGO.A,20181227,2359,0.06,,66,45,,,,,,,,,,226,,,,
SAN_DIEGO.A,20181228,2359,0.01,,62,42,,,0,0,,,,,,282,,92.0,20.0,
SAN_DIEGO.A,20181229,2359,0.00,,61,39,,,0,0,,,,,,283,,57.0,20.0,
SAN_DIEGO.A,20181230,2359,0.00,,63,43,,,0,0,,,,,,273,,82.0,35.0,
SAN_DIEGO.A,20181231,2359,0.13,,61,46,,,0,0,,,,,,93,,91.0,67.0,
SAN_DIEGO.A,20190101,2359,0.03,,59,41,,,0,0,,,,,,297,,80.0,17.0,
SAN_DIEGO.A,20190102,2359,0.00,,61,36,,,0,0,,,,,,287,,55.0,16.0,
SAN_DIEGO.A,20190103,2359,0.00,,62,39,,,0,0,,,,,,299,,67.0,18.0,
SAN_DIEGO.A,20190104,2359,0.00,,64,39,,,0,0,,,,,,294,,73.0,25.0,
SAN_DIEGO.A,20190105,2359,0.12,,59,49,,,0,0,,,,,,75,,96.0,43.0,
SAN_DIEGO.A,20190106,2359,0.11,,62,49,,,0,0,,,,,,191,,98.0,59.0,
SAN_DIEGO.A,20190107,2359,0.02,,65,44,,,0,0,,,,,,277,,91.0,44.0,
SAN_DIEGO.A,20190108,2359,0.01,,70,49,,,0,0,,,,,,262,,88.0,40.0,
SAN_DIEGO.A,20190109,2359,0.00,,66,48,,,0,0,,,,,,287,,93.0,66.0,
SAN_DIEGO.A,20190110,2359,0.00,,64,51,,,0,0,,,,,,260,,96.0,69.0,
SAN_DIEGO.A,20190111,2359,0.00,,60,47,,,0,0,,,,,,195,,100.0,78.0,
SAN_DIEGO.A,20190112,2359,0.48,,62,48,,,0,0,,,,,,188,,96.0,69.0,
SAN_DIEGO.A,20190113,2359,0.00,,60,47,,,0,0,,,,,,166,,94.0,67.0,
SAN_DIEGO.A,20190114,2359,0.50,,59,52,,,0,0,,,,,,43,,97.0,60.0,
SAN_DIEGO.A,20190115,2359,0.27,,63,54,,,0,0,,,,,,154,,97.0,68.0,
SAN_DIEGO.A,20190116,2359,0.13,,69,56,,,0,0,,,,,,183,,97.0,56.0,
SAN_DIEGO.A,20190117,2359,0.28,,62,57,,,0,0,,,,,,58,,100.0,80.0,
SAN_DIEGO.A,20190118,2359,0.01,,64,54,,,0,0,,,,,,231,,100.0,78.0,
SAN_DIEGO.A,20190119,2359,0.00,,72,49,,,0,0,,,,,,314,,98.0,42.0,
SAN_DIEGO.A,20190120,2359,0.00,,74,53,,,0,0,,,,,,246,,97.0,37.0,
SAN_DIEGO.A,20190121,2359,0.02,,61,50,,,0,0,,,,,,319,,97.0,46.0,
SAN_DIEGO.A,20190122,2359,0.00,,66,45,,,0,0,,,,,,340,,86.0,31.0,
SAN_DIEGO.A,20190123,2359,0.00,,67,42,,,0,0,,,,,,328,,69.0,20.0,
SAN_DIEGO.A,20190124,2359,0.00,,74,45,,,0,0,,,,,,298,,71.0,25.0,
SAN_DIEGO.A,20190125,2359,0.00,,75,47,,,0,0,,,,,,339,,55.0,19.0,
SAN_DIEGO.A,20190126,2359,0.00,,80,51,,,0,0,,,,,,327,,55.0,16.0,
SAN_DIEGO.A,20190127,2359,0.00,,77,51,,,0,0,,,,,,337,,46.0,18.0,
SAN_DIEGO.A,20190128,2359,0.00,,75,49,,,0,0,,,,,,305,,97.0,28.0,
SAN_DIEGO.A,20190129,2359,0.00,,67,50,,,0,0,,,,,,299,,100.0,60.0,
SAN_DIEGO.A,20190130,2359,0.00,,65,54,,,0,0,,,,,,294,,94.0,66.0,
SAN_DIEGO.A,20190131,2359,0.73,,63,51,,,0,0,,,,,,111,,98.0,73.0,
SAN_DIEGO.A,20190201,2359,0.02,,63,49,,,0,0,,,,,,266,,99.0,68.0,
SAN_DIEGO.A,20190202,2359,0.82,,65,50,,,0,0,,,,,,70,,98.0,59.0,
SAN_DIEGO.A,20190203,2359,0.03,,63,48,,,0,0,,,,,,314,,96.0,64.0,
SAN_DIEGO.A,20190204,2359,0.90,,62,52,,,0,0,,,,,,204,,96.0,74.0,
SAN_DIEGO.A,20190205,2359,0.29,,58,49,,,0,0,,,,,,229,,96.0,58.0,
SAN_DIEGO.A,20190206,2359,0.00,,56,44,,,0,0,,,,,,367,,69.0,41.0,
SAN_DIEGO.A,20190207,2359,0.00,,63,40,,,0,0,,,,,,370,,74.0,33.0,
SAN_DIEGO.A,20190208,2359,0.00,,62,41,,,0,0,,,,,,375,,84.0,34.0,
SAN_DIEGO.A,20190209,2359,0.01,,61,47,,,0,0,,,,,,244,,90.0,66.0,
SAN_DIEGO.A,20190210,2359,0.07,,61,44,,,0,0,,,,,,339,,92.0,55.0,
SAN_DIEGO.A,20190211,2359,0.00,,62,43,,,0,0,,,,,,397,,81.0,30.0,
SAN_DIEGO.A,20190212,2359,0.00,,73,42,,,0,0,,,,,,342,,65.0,11.0,
SAN_DIEGO.A,20190213,2359,0.56,,65,50,,,0,0,,,,,,134,,99.0,27.0,
SAN_DIEGO.A,20190214,2359,1.04,,63,52,,,0,0,,,,,,23,,100.0,89.0,
SAN_DIEGO.A,20190215,2359,0.12,,63,49,,,0,0,,,,,,309,,99.0,58.0,
SAN_DIEGO.A,20190216,2359,0.01,,59,49,,,0,0,,,,,,355,,93.0,58.0,
SAN_DIEGO.A,20190217,2359,0.12,,59,49,,,0,0,,,,,,310,,85.0,56.0,
SAN_DIEGO.A,20190218,2359,0.08,,57,43,,,0,0,,,,,,364,,81.0,46.0,
SAN_DIEGO.A,20190219,2359,0.00,,59,37,,,0,0,,,,,,441,,85.0,26.0,
SAN_DIEGO.A,20190220,2359,0.06,,57,40,,,0,0,,,,,,229,,83.0,52.0,
SAN_DIEGO.A,20190221,2359,0.16,,56,41,,,0,0,,,,,,216,,90.0,62.0,
SAN_DIEGO.A,20190222,2359,0.00,,58,38,,,0,0,,,,,,443,,88.0,42.0,
SAN_DIEGO.A,20190223,2359,0.00,,63,41,,,0,0,,,,,,451,,72.0,25.0,
SAN_DIEGO.A,20190224,2359,0.00,,64,42,,,0,0,,,,,,425,,81.0,35.0,
SAN_DIEGO.A,20190225,2359,0.00,,66,44,,,0,0,,,,,,425,,90.0,41.0,
SAN_DIEGO.A,20190226,2359,0.00,,64,45,,,0,0,,,,,,278,,96.0,66.0,
SAN_DIEGO.A,20190227,2359,0.00,,63,48,,,0,0,,,,,,400,,96.0,63.0,
SAN_DIEGO.A,20190228,2359,0.00,,70,51,,,0,0,,,,,,387,,93.0,52.0,
SAN_DIEGO.A,20190301,2359,0.00,,66,54,,,0,0,,,,,,325,,96.0,74.0,
SAN_DIEGO.A,20190302,2359,0.24,,62,54,,,0,0,,,,,,134,,99.0,87.0,
SAN_DIEGO.A,20190303,2359,0.03,,63,55,,,0,0,,,,,,237,,99.0,72.0,
SAN_DIEGO.A,20190304,2359,0.02,,61,50,,,0,0,,,,,,215,,94.0,70.0,
SAN_DIEGO.A,20190305,2359,0.03,,69,46,,,0,0,,,,,,375,,95.0,47.0,
SAN_DIEGO.A,20190306,2359,0.15,,66,57,,,0,0,,,,,,145,,99.0,58.0,
SAN_DIEGO.A,20190307,2359,0.11,,64,53,,,0,0,,,,,,383,,100.0,63.0,
SAN_DIEGO.A,20190308,2359,0.09,,60,49,,,0,0,,,,,,378,,86.0,57.0,
SAN_DIEGO.A,20190309,2359,0.00,,59,46,,,0,0,,,,,,291,,86.0,62.0,
SAN_DIEGO.A,20190310,2359,0.00,,62,46,,,0,0,,,,,,379,,86.0,51.0,
SAN_DIEGO.A,20190311,2359,0.32,,61,47,,,0,0,,,,,,140,,96.0,58.0,
SAN_DIEGO.A,20190312,2359,0.20,,63,50,,,0,0,,,,,,432,,96.0,62.0,
SAN_DIEGO.A,20190313,2359,0.00,,63,50,,,0,0,,,,,,436,,83.0,62.0,
SAN_DIEGO.A,20190314,2359,0.00,,69,47,,,0,0,,,,,,509,,90.0,23.0,
SAN_DIEGO.A,20190315,2359,0.00,,71,47,,,0,0,,,,,,457,,60.0,25.0,
SAN_DIEGO.A,20190316,2359,0.00,,75,49,,,0,0,,,,,,509,,74.0,25.0,
SAN_DIEGO.A,20190317,2359,0.00,,76,50,,,0,0,,,,,,507,,77.0,28.0,
SAN_DIEGO.A,20190318,2359,0.00,,67,51,,,0,0,,,,,,506,,94.0,50.0,
SAN_DIEGO.A,20190319,2359,0.00,,64,52,,,0,0,,,,,,433,,99.0,75.0,
SAN_DIEGO.A,20190320,2359,0.15,,65,52,,,0,0,,,,,,315,,89.0,70.0,
SAN_DIEGO.A,20190321,2359,0.25,,63,50,,,0,0,,,,,,330,,95.0,58.0,
SAN_DIEGO.A,20190322,2359,0.00,,63,48,,,0,0,,,,,,492,,97.0,63.0,
SAN_DIEGO.A,20190323,2359,0.00,,64,49,,,0,0,,,,,,473,,94.0,62.0,
SAN_DIEGO.A,20190324,2359,0.00,,65,50,,,0,0,,,,,,498,,93.0,66.0,
SAN_DIEGO.A,20190325,2359,0.00,,70,49,,,0,0,,,,,,531,,95.0,63.0,
SAN_DIEGO.A,20190326,2359,0.00,,69,50,,,0,0,,,,,,433,,96.0,61.0,
SAN_DIEGO.A,20190327,2359,0.00,,67,53,,,0,0,,,,,,405,,95.0,64.0,
SAN_DIEGO.A,20190328,2359,0.00,,68,52,,,0,0,,,,,,539,,94.0,60.0,
SAN_DIEGO.A,20190329,2359,0.00,,67,50,,,0,0,,,,,,537,,94.0,58.0,
SAN_DIEGO.A,20190330,2359,0.00,,72,50,,,0,0,,,,,,565,,85.0,41.0,
SAN_DIEGO.A,20190331,2359,0.00,,81,53,,,0,0,,,,,,565,,70.0,20.0,
SAN_DIEGO.A,20190401,2359,0.00,,81,57,,,0,0,,,,,,546,,94.0,26.0,
SAN_DIEGO.A,20190402,2359,0.00,,66,55,,,0,0,,,,,,483,,96.0,68.0,
SAN_DIEGO.A,20190403,2359,0.02,,66,54,,,0,0,,,,,,486,,95.0,58.0,
SAN_DIEGO.A,20190404,2359,0.00,,66,54,,,0,0,,,,,,363,,90.0,61.0,
SAN_DIEGO.A,20190405,2359,0.04,,66,54,,,0,0,,,,,,364,,94.0,67.0,
SAN_DIEGO.A,20190406,2359,0.06,,68,55,,,0,0,,,,,,521,,96.0,63.0,
SAN_DIEGO.A,20190407,2359,0.00,,77,49,,,0,0,,,,,,566,,94.0,50.0,
SAN_DIEGO.A,20190408,2359,0.00,,82,57,,,0,0,,,,,,573,,95.0,36.0,
SAN_DIEGO.A,20190409,2359,0.00,,71,53,,,0,0,,,,,,444,,96.0,64.0,
SAN_DIEGO.A,20190410,2359,0.00,,71,50,,,0,0,,,,,,611,,81.0,30.0,
SAN_DIEGO.A,20190411,2359,0.00,,70,45,,,0,0,,,,,,552,,88.0,37.0,
SAN_DIEGO.A,20190412,2359,0.01,,68,50,,,0,0,,,,,,535,,88.0,46.0,
SAN_DIEGO.A,20190413,2359,0.00,,73,46,,,0,0,,,,,,614,,85.0,43.0,
SAN_DIEGO.A,20190414,2359,0.00,,73,52,,,0,0,,,,,,574,,89.0,44.0,
SAN_DIEGO.A,20190415,2359,0.00,,68,52,,,0,0,,,,,,582,,95.0,62.0,
SAN_DIEGO.A,20190416,2359,0.02,,64,54,,,0,0,,,,,,300,,89.0,65.0,
SAN_DIEGO.A,20190417,2359,0.00,,76,51,,,0,0,,,,,,624,,93.0,52.0,
SAN_DIEGO.A,20190418,2359,0.00,,78,53,,,0,0,,,,,,617,,93.0,44.0,
SAN_DIEGO.A,20190419,2359,0.00,,72,52,,,0,0,,,,,,591,,95.0,66.0,
SAN_DIEGO.A,20190420,2359,0.00,,66,57,,,0,0,,,,,,578,,86.0,61.0,
SAN_DIEGO.A,20190421,2359,0.00,,65,48,,,0,0,,,,,,537,,82.0,59.0,
SAN_DIEGO.A,20190422,2359,0.00,,68,48,,,0,0,,,,,,624,,91.0,58.0,
SAN_DIEGO.A,20190423,2359,0.00,,70,49,,,0,0,,,,,,584,,95.0,68.0,
SAN_DIEGO.A,20190424,2359,0.00,,73,58,,,0,0,,,,,,542,,98.0,64.0,
SAN_DIEGO.A,20190425,2359,0.00,,71,58,,,0,0,,,,,,617,,94.0,64.0,
SAN_DIEGO.A,20190426,2359,0.00,,68,58,,,0,0,,,,,,596,,92.0,67.0,
SAN_DIEGO.A,20190427,2359,0.00,,72,57,,,0,0,,,,,,574,,89.0,65.0,
SAN_DIEGO.A,20190428,2359,0.01,,68,58,,,0,0,,,,,,432,,90.0,66.0,
SAN_DIEGO.A,20190429,2359,0.01,,66,56,,,0,0,,,,,,311,,93.0,71.0,
SAN_DIEGO.A,20190430,2359,0.17,,64,56,,,0,0,,,,,,220,,98.0,72.0,
SAN_DIEGO.A,20190501,2359,0.00,,67,58,,,0,0,,,,,,529,,82.0,57.0,
SAN_DIEGO.A,20190502,2359,0.00,,68,54,,,0,0,,,,,,531,,92.0,66.0,
SAN_DIEGO.A,20190503,2359,0.00,,69,56,,,0,0,,,,,,528,,92.0,63.0,
SAN_DIEGO.A,20190504,2359,0.00,,70,56,,,0,0,,,,,,599,,89.0,62.0,
SAN_DIEGO.A,20190505,2359,0.00,,69,56,,,0,0,,,,,,637,,83.0,60.0,
SAN_DIEGO.A,20190506,2359,0.04,,69,56,,,0,0,,,,,,458,,90.0,60.0,
SAN_DIEGO.A,20190507,2359,0.00,,67,56,,,0,0,,,,,,418,,87.0,60.0,
SAN_DIEGO.A,20190508,2359,0.02,,63,56,,,0,0,,,,,,152,,92.0,74.0,
SAN_DIEGO.A,20190509,2359,0.04,,65,57,,,0,0,,,,,,176,,96.0,69.0,
SAN_DIEGO.A,20190510,2359,0.03,,65,57,,,0,0,,,,,,251,,97.0,74.0,
SAN_DIEGO.A,20190511,2359,0.17,,69,59,,,0,0,,,,,,346,,95.0,64.0,
SAN_DIEGO.A,20190512,2359,0.00,,71,58,,,0,0,,,,,,587,,96.0,69.0,
SAN_DIEGO.A,20190513,2359,0.00,,70,61,,,0,0,,,,,,351,,84.0,70.0,
SAN_DIEGO.A,20190514,2359,0.00,,71,59,,,0,0,,,,,,613,,88.0,65.0,
SAN_DIEGO.A,20190515,2359,0.00,,66,59,,,0,0,,,,,,198,,87.0,73.0,
SAN_DIEGO.A,20190516,2359,0.17,,66,56,,,0,0,,,,,,428,,94.0,59.0,
SAN_DIEGO.A,20190517,2359,0.01,,67,54,,,0,0,,,,,,592,,84.0,59.0,
SAN_DIEGO.A,20190518,2359,0.00,,69,51,,,0,0,,,,,,576,,86.0,62.0,
SAN_DIEGO.A,20190519,2359,0.24,,66,55,,,0,0,,,,,,297,,96.0,67.0,
SAN_DIEGO.A,20190520,2359,0.12,,65,54,,,0,0,,,,,,513,,91.0,61.0,
SAN_DIEGO.A,20190521,2359,0.02,,64,56,,,0,0,,,,,,381,,81.0,62.0,
SAN_DIEGO.A,20190522,2359,0.32,,65,55,,,0,0,,,,,,409,,89.0,62.0,
SAN_DIEGO.A,20190523,2359,0.00,,67,55,,,0,0,,,,,,484,,89.0,58.0,
SAN_DIEGO.A,20190524,2359,0.00,,68,51,,,0,0,,,,,,675,,91.0,56.0,
SAN_DIEGO.A,20190525,2359,0.00,,67,53,,,0,0,,,,,,442,,92.0,55.0,
SAN_DIEGO.A,20190526,2359,0.15,,64,56,,,0,0,,,,,,241,,94.0,60.0,
SAN_DIEGO.A,20190527,2359,0.00,,65,53,,,0,0,,,,,,647,,88.0,58.0,
SAN_DIEGO.A,20190528,2359,0.00,,67,50,,,0,0,,,,,,668,,88.0,63.0,
SAN_DIEGO.A,20190529,2359,0.00,,69,54,,,0,0,,,,,,662,,92.0,66.0,
SAN_DIEGO.A,20190530,2359,0.01,,70,59,,,0,0,,,,,,579,,90.0,67.0,
SAN_DIEGO.A,20190531,2359,0.00,,67,59,,,0,0,,,,,,595,,88.0,71.0,
SAN_DIEGO.A,20190601,2359,0.01,,67,59,,,0,0,,,,,,437,,83.0,65.0,
SAN_DIEGO.A,20190602,2359,0.00,,68,59,,,0,0,,,,,,401,,80.0,65.0,
SAN_DIEGO.A,20190603,2359,0.00,,66,60,,,0,0,,,,,,344,,91.0,76.0,
SAN_DIEGO.A,20190604,2359,0.00,,66,60,,,0,0,,,,,,513,,92.0,79.0,
SAN_DIEGO.A,20190605,2359,0.00,,68,59,,,0,0,,,,,,525,,96.0,76.0,
SAN_DIEGO.A,20190606,2359,0.00,,69,60,,,0,0,,,,,,530,,95.0,77.0,
SAN_DIEGO.A,20190607,2359,0.00,,67,60,,,0,0,,,,,,514,,92.0,78.0,
SAN_DIEGO.A,20190608,2359,0.00,,69,58,,,0,0,,,,,,616,,93.0,69.0,
SAN_DIEGO.A,20190609,2359,0.00,,72,57,,,0,0,,,,,,681,,93.0,62.0,
SAN_DIEGO.A,20190610,2359,0.00,,71,58,,,0,0,,,,,,720,,,,
SAN_DIEGO.A,20190611,2359,0.00,,70,58,,,0,0,,,,,,487,,98.0,71.0,
SAN_DIEGO.A,20190612,2359,0.00,,75,62,,,0,0,,,,,,570,,96.0,69.0,
SAN_DIEGO.A,20190613,2359,0.00,,72,60,,,0,0,,,,,,563,,91.0,71.0,
SAN_DIEGO.A,20190614,2359,0.00,,71,60,,,0,0,,,,,,563,,84.0,64.0,
SAN_DIEGO.A,20190615,2359,0.00,,74,60,,,0,0,,,,,,608,,87.0,69.0,
SAN_DIEGO.A,20190616,2359,0.00,,68,62,,,0,0,,,,,,578,,89.0,77.0,
SAN_DIEGO.A,20190617,2359,0.00,,66,60,,,0,0,,,,,,210,,94.0,77.0,
SAN_DIEGO.A,20190618,2359,0.00,,71,59,,,0,0,,,,,,468,,88.0,66.0,
SAN_DIEGO.A,20190619,2359,0.00,,72,59,,,0,0,,,,,,629,,88.0,70.0,
SAN_DIEGO.A,20190620,2359,0.00,,69,61,,,0,0,,,,,,437,,94.0,71.0,
SAN_DIEGO.A,20190621,2359,0.05,,68,60,,,0,0,,,,,,399,,97.0,74.0,
SAN_DIEGO.A,20190622,2359,0.00,,71,61,,,0,0,,,,,,478,,87.0,63.0,
SAN_DIEGO.A,20190623,2359,0.00,,72,62,,,0,0,,,,,,591,,92.0,71.0,
SAN_DIEGO.A,20190624,2359,0.00,,70,62,,,0,0,,,,,,621,,96.0,75.0,
SAN_DIEGO.A,20190625,2359,0.00,,69,61,,,0,0,,,,,,585,,90.0,71.0,
SAN_DIEGO.A,20190626,2359,0.00,,70,58,,,0,0,,,,,,541,,89.0,63.0,
SAN_DIEGO.A,20190627,2359,0.00,,72,62,,,0,0,,,,,,609,,84.0,64.0,
SAN_DIEGO.A,20190628,2359,0.01,,74,61,,,0,0,,,,,,682,,90.0,66.0,
SAN_DIEGO.A,20190629,2359,0.00,,76,60,,,0,0,,,,,,352,,95.0,64.0,
SAN_DIEGO.A,20190630,2359,0.00,,76,60,,,0,0,,,,,,695,,94.0,49.0,
SAN_DIEGO.A,20190701,2359,0.00,,76,61,,,0,0,,,,,,706,,98.0,64.0,
SAN_DIEGO.A,20190702,2359,0.01,,76,59,,,0,0,,,,,,700,,95.0,68.0,
SAN_DIEGO.A,20190703,2359,0.01,,74,60,,,0,0,,,,,,594,,90.0,70.0,
SAN_DIEGO.A,20190704,2359,0.00,,73,58,,,0,0,,,,,,639,,88.0,65.0,
SAN_DIEGO.A,20190705,2359,0.00,,72,62,,,0,0,,,,,,655,,87.0,66.0,
SAN_DIEGO.A,20190706,2359,0.00,,75,60,,,0,0,,,,,,576,,87.0,69.0,
SAN_DIEGO.A,20190707,2359,0.00,,71,61,,,0,0,,,,,,529,,86.0,68.0,
SAN_DIEGO.A,20190708,2359,0.00,,71,62,,,0,0,,,,,,629,,86.0,65.0,
SAN_DIEGO.A,20190709,2359,0.00,,76,61,,,,,,,,,,571,,,,
SAN_DIEGO.A,20190710,2359,0.00,,76,61,,,0,0,,,,,,662,,94.0,66.0,
SAN_DIEGO.A,20190711,2359,0.00,,75,62,,,0,0,,,,,,594,,94.0,67.0,
SAN_DIEGO.A,20190712,2359,0.00,,76,61,,,0,0,,,,,,621,,92.0,69.0,
SAN_DIEGO.A,20190713,2359,0.00,,78,61,,,0,0,,,,,,608,,97.0,70.0,
SAN_DIEGO.A,20190714,2359,0.00,,77,61,,,0,0,,,,,,590,,97.0,73.0,
SAN_DIEGO.A,20190715,2359,0.03,,75,61,,,0,0,,,,,,683,,95.0,60.0,
SAN_DIEGO.A,20190716,2359,0.00,,76,61,,,0,0,,,,,,700,,99.0,79.0,
SAN_DIEGO.A,20190717,2359,0.01,,77,61,,,,,,,,,,561,,,,
SAN_DIEGO.A,20190718,2359,0.00,,78,61,,,0,0,,,,,,662,,91.0,67.0,
SAN_DIEGO.A,20190719,2359,0.00,,75,61,,,0,0,,,,,,643,,85.0,68.0,
SAN_DIEGO.A,20190720,2359,0.01,,77,61,,,0,0,,,,,,664,,88.0,65.0,
SAN_DIEGO.A,20190721,2359,0.02,,75,61,,,,,,,,,,518,,,,
SAN_DIEGO.A,20190722,2359,0.00,,77,62,,,0,0,,,,,,541,,90.0,64.0,
SAN_DIEGO.A,20190723,2359,0.00,,76,62,,,0,0,,,,,,634,,92.0,54.0,
SAN_DIEGO.A,20190724,2359,0.00,,75,62,,,0,0,,,,,,595,,,,
SAN_DIEGO.A,20190725,2359,0.00,,75,62,,,,,,,,,,570,,,,
SAN_DIEGO.A,20190726,2359,0.00,,77,62,,,0,0,,,,,,649,,96.0,58.0,
SAN_DIEGO.A,20190727,2359,0.00,,81,67,,,0,0,,,,,,651,,96.0,60.0,
SAN_DIEGO.A,20190728,2359,0.01,,76,63,,,0,0,,,,,,634,,94.0,73.0,
SAN_DIEGO.A,20190729,2359,0.00,,77,62,,,0,0,,,,,,590,,94.0,65.0,
SAN_DIEGO.A,20190730,2359,0.00,,72,62,,,0,0,,,,,,566,,92.0,70.0,
SAN_DIEGO.A,20190731,2359,0.00,,76,62,,,0,0,,,,,,585,,94.0,68.0,
SAN_DIEGO.A,20190801,2359,0.00,,79,65,,,0,0,,,,,,579,,93.0,69.0,
SAN_DIEGO.A,20190802,2359,0.00,,78,66,,,0,0,,,,,,575,,94.0,63.0,
SAN_DIEGO.A,20190803,2359,0.00,,79,63,,,0,0,,,,,,580,,95.0,65.0,
SAN_DIEGO.A,20190804,2359,0.00,,79,64,,,,,,,,,,598,,,,
SAN_DIEGO.A,20190805,2359,0.00,,79,65,,,0,0,,,,,,583,,95.0,68.0,
SAN_DIEGO.A,20190806,2359,0.00,,78,64,,,0,0,,,,,,577,,91.0,68.0,
SAN_DIEGO.A,20190807,2359,0.00,,78,62,,,0,0,,,,,,557,,92.0,70.0,
SAN_DIEGO.A,20190808,2359,0.00,,77,64,,,,,,,,,,540,,,,
SAN_DIEGO.A,20190809,2359,0.02,,78,62,,,0,0,,,,,,623,,95.0,64.0,
SAN_DIEGO.A,20190810,2359,0.00,,77,64,,,0,0,,,,,,633,,92.0,61.0,
SAN_DIEGO.A,20190811,2359,0.00,,80,65,,,,,,,,,,588,,,,
SAN_DIEGO.A,20190812,2359,0.01,,76,62,,,0,0,,,,,,557,,93.0,68.0,
SAN_DIEGO.A,20190813,2359,0.00,,77,62,,,0,0,,,,,,612,,94.0,66.0,
SAN_DIEGO.A,20190814,2359,0.00,,79,64,,,0,0,,,,,,617,,98.0,63.0,
SAN_DIEGO.A,20190815,2359,0.00,,78,65,,,0,0,,,,,,634,,95.0,65.0,
SAN_DIEGO.A,20190816,2359,0.00,,75,63,,,0,0,,,,,,602,,95.0,67.0,
SAN_DIEGO.A,20190817,2359,0.00,,74,62,,,0,0,,,,,,592,,89.0,65.0,
SAN_DIEGO.A,20190818,2359,0.00,,77,59,,,0,0,,,,,,579,,88.0,64.0,
SAN_DIEGO.A,20190819,2359,0.00,,80,60,,,0,0,,,,,,607,,91.0,66.0,
SAN_DIEGO.A,20190820,2359,0.00,,79,65,,,0,0,,,,,,610,,92.0,66.0,
SAN_DIEGO.A,20190821,2359,0.00,,81,63,,,0,0,,,,,,612,,97.0,62.0,
SAN_DIEGO.A,20190822,2359,0.00,,79,62,,,0,0,,,,,,577,,99.0,77.0,
SAN_DIEGO.A,20190823,2359,0.00,,79,62,,,0,0,,,,,,558,,92.0,66.0,
SAN_DIEGO.A,20190824,2359,0.00,,78,63,,,0,0,,,,,,596,,94.0,68.0,
SAN_DIEGO.A,20190825,2359,0.01,,79,63,,,0,0,,,,,,574,,95.0,43.0,
SAN_DIEGO.A,20190826,2359,0.01,,85,68,,,0,0,,,,,,585,,93.0,41.0,
SAN_DIEGO.A,20190827,2359,0.00,,80,67,,,0,0,,,,,,552,,93.0,64.0,
SAN_DIEGO.A,20190828,2359,0.00,,79,64,,,0,0,,,,,,462,,91.0,66.0,
SAN_DIEGO.A,20190829,2359,0.00,,83,62,,,0,0,,,,,,535,,95.0,69.0,
SAN_DIEGO.A,20190830,2359,0.00,,84,65,,,0,0,,,,,,569,,97.0,63.0,
SAN_DIEGO.A,20190831,2359,0.00,,78,63,,,0,0,,,,,,540,,94.0,68.0,
SAN_DIEGO.A,20190901,2359,0.00,,79,63,,,0,0,,,,,,484,,95.0,69.0,
SAN_DIEGO.A,20190902,2359,0.01,,90,66,,,0,0,,,,,,475,,97.0,35.0,
SAN_DIEGO.A,20190903,2359,0.00,,81,63,,,0,0,,,,,,521,,95.0,48.0,
SAN_DIEGO.A,20190904,2359,0.00,,86,70,,,0,0,,,,,,447,,96.0,49.0,
 