new_timestamp,hw_energy,hw_flow,hw_temp_delta,hw_power,hw_entering_temp,hw_leaving_temp
2018-01-03,11160.25,3.1891651810000003,27.79457564,464.30348710000004,94.29694703,66.50237138
2018-01-04,10150.0,3.659143416,28.52972145,422.65335130000005,94.01992851,65.49020706
2018-01-05,7720.0,2.696392659,28.89784649,321.2312185,92.26471996,63.36687348
2018-01-06,6100.0,2.050482192,30.11034669,253.40745,95.21680344,65.10645676
2018-01-07,7530.0,2.555111807,29.95736027,313.565742,95.21978935,65.26242908
2018-01-08,10079.75,3.3672452610000003,30.01263822,419.62495369999993,94.08249802,64.0698598
2018-01-09,8890.25,3.009432752,29.82680501,369.8520659,93.83131721,64.0045122
2018-01-10,8579.75,2.879957477,30.08611041,357.11804689999997,94.5346508,64.4485404
2018-01-11,9940.25,3.476120045,29.37277766,413.4457838,94.96975706,65.6127731
2018-01-12,9470.0,3.3601938639999998,28.98615432,394.281707,94.94472654,66.10919248
2018-01-13,7329.75,2.683254467,27.43803736,304.71209510000006,93.80186459,66.55002907
2018-01-14,5760.0,2.21170302,26.55021927,239.66688430000002,93.13552429,66.8466245
2018-01-15,5890.25,2.343357592,24.691423399999998,245.1931297,91.55600607,66.73584947
2018-01-16,5990.0,2.466730886,24.63708477,248.87037599999996,91.11619742,66.76099685
2018-01-17,8099.75,3.1858077739999997,25.77396273,335.5833498,91.89238791,66.43783642
2018-01-18,8150.25,2.7935592280000003,29.50270116,340.91668510000005,93.24204412,64.03101207
2018-01-19,8460.0,2.848498198,30.39740588,349.062518,94.80770361,64.74187967
2018-01-20,7080.0,2.318518129,31.20779026,292.8750137,95.9889098,65.16644567
2018-01-21,7450.0,2.477019308,30.77174586,312.7291808,93.67532146,63.2303505
2018-01-22,8869.75,2.889693251,31.20658207,365.6250188,94.71095966,63.7267933
2018-01-23,9790.0,3.422270813,29.88137681,402.3958537,94.75066609999999,64.95891001
2018-01-24,8380.25,2.757747423,30.94075665,338.9479313,94.24158057,63.66221105
2018-01-25,9649.75,3.72601514,27.74234408,398.90626560000004,94.11120114,66.32753086
2018-01-26,9290.25,3.20312801,29.61383256,384.1146002,94.7602358,65.43671095
2018-01-27,8480.0,3.38646133,25.90908844,353.37501430000003,92.38622983,66.43106709
2018-01-28,7620.0,2.770689345,28.08441209,315.4791835,92.54333962,64.78009955
2018-01-29,8450.0,3.0905219510000004,27.79474071,350.3125159,90.40677956,62.71399408
2018-01-30,8420.0,2.9256185919999997,29.40387639,349.4062668,93.3978118,64.33865384
2018-01-31,9399.75,3.309923663,29.20769448,390.7396043,94.76839813,65.87887628
2018-02-01,9610.5,3.2042997619999998,30.59956757,391.8333526,95.71214391,65.30319229999999
2018-02-02,7849.5,2.6666068430000003,30.19766505,330.9375159,93.62526936,63.62327085
2018-02-03,4760.25,1.679590799,28.85807031,196.6562587,91.42528379,62.822192
2018-02-04,4520.0,1.59620046,28.76169345,188.3437581,91.08076956,62.51203612
2018-02-05,8219.75,2.8623526530000003,29.16379135,340.54168250000004,92.11442793,63.29712154
2018-02-06,7720.25,2.672629436,29.4008672,317.7500172,92.85910798,63.65370709
2018-02-07,6549.75,2.2623904130000003,29.44098315,269.3020967,92.3872238,63.40203243
2018-02-08,6450.25,2.179564841,30.15325519,268.9895947,92.47790932,62.68496652
2018-02-09,7730.0,2.6519295940000003,30.23080189,321.7395988,95.17154839,65.31692368
2018-02-10,8379.75,2.8587906810000003,29.94731968,349.59376860000003,96.30739517,66.75394224
2018-02-11,8320.5,2.779358092,30.72422071,344.72918419999996,96.15971447,65.82571616
2018-02-12,7909.5,2.7863430719999998,29.08909782,331.25001460000004,95.986325,67.15407252
2018-02-13,11320.25,3.871114588,29.93547597,467.63543780000003,96.05066814,66.46303329
2018-02-14,10170.0,3.5645259589999996,29.39977042,426.88543839999994,95.60741111,66.52991212
2018-02-15,10000.0,3.3942667369999997,30.18986169,416.197934,95.75840287,65.91406353
2018-02-16,8790.0,2.980732113,30.40013565,366.1875194,95.43921279,65.41340748
2018-02-17,8260.0,2.7955004860000003,30.74326868,343.21876729999997,96.28084533,65.94831994
2018-02-18,9399.5,3.49447533,27.68864809,389.6562683,96.36104378,68.95431479
2018-02-19,13440.0,5.647349167000001,25.856514100000002,593.1562665,95.71143064,68.98740169
2018-02-20,12960.5,5.086601623,28.22580358,559.944438,95.6517192,67.69008451
2018-02-21,14430.0,5.922230769,25.32683484,601.1384767999999,96.23649409,71.03236851
2018-02-22,12230.0,4.308492755,29.01815264,509.42210760000006,96.93307247,68.11393872
2018-02-23,13990.0,5.566881171,26.24187559,582.7679227000001,96.55636316,70.42990173
2018-02-24,8889.5,3.218640092,28.19472154,370.0007453,95.40811865,67.21347547
2018-02-25,8060.0,2.668809424,30.81849245,336.4185352,96.0296671,65.53639894
2018-02-26,11350.5,3.937354739,29.55257436,472.849629,95.24878829999999,65.80590698
2018-02-27,9970.0,3.377828825,30.275765999999997,414.05414019999995,95.18823213,65.19029226
2018-02-28,10570.0,4.572567855,25.41377901,440.34463930000004,92.96501052,66.33037245
2018-03-01,8549.5,2.9247140939999996,29.93065829,356.2830489,93.64983132,64.07001362
2018-03-02,9920.5,3.463655412,29.19803852,414.46839930000004,94.87598908,65.94525921
2018-03-03,7090.0,2.468044738,29.35900969,294.8692386,95.36193100000001,66.31884735
2018-03-04,8340.0,2.854313685,29.96228351,348.024646,95.6230307,66.03894779
2018-03-05,9570.0,3.226280493,30.09016754,398.5736992,95.6949676,65.78979172
2018-03-06,8579.5,2.948892292,29.58231307,358.06874460000006,95.32118882,65.95980275
2018-03-07,7760.5,2.9218012160000004,25.99540699,323.1355363,92.56335669,65.83136691
2018-03-08,9700.0,4.108561478,25.24545948,405.491849,94.36848548,69.28917267
2018-03-09,8370.0,5.111098244,17.32841701,347.70242379999996,90.55399228,73.18468695
2018-03-10,5229.5,3.169178498,17.17510442,218.94452400000003,90.50259588,73.52001676
2018-03-11,4910.5,4.020495432,14.62417925,214.30450299999998,88.37105147,73.71262879999999
2018-03-12,5560.0,4.404461237,12.97627984,231.4089111,86.68082981,73.77216991
2018-03-13,5680.0,4.534824077,13.01156551,238.0655194,86.65547107,73.77405159
2018-03-14,5780.0,3.795070134,15.840080599999999,241.43440959999998,89.06160559,73.56728929
2018-03-15,6480.0,4.19784446,16.243103599999998,270.94993139999997,89.39797037,73.4931892
2018-03-16,5810.0,3.6295280130000003,16.26588468,244.06819380000002,89.87151663,73.54042708
2018-03-17,5330.0,2.66500194,20.79224351,222.8418043,93.87388135,73.4628947
2018-03-18,5460.0,2.576966744,21.83399623,227.2417938,94.82037519,73.36785263
2018-03-19,6580.0,2.653855369,26.36163947,273.8295042,93.67946125,67.91356627
2018-03-20,6520.0,2.50164167,27.2073066,271.5856265,93.91363395,67.16232334
2018-03-21,6490.0,2.708508525,26.02399474,270.90597310000004,91.42087224,64.91221186
2018-03-22,7410.0,3.6804584080000002,20.75813428,309.81879869999995,91.35294441,71.16037103
2018-03-23,8170.0,3.7917690260000003,22.81431935,341.3751443,94.96798728,72.87119996
2018-03-24,7200.0,3.579722943,22.61551784,301.3777687,94.30678088,72.18576042
2018-03-25,7329.5,3.4561387089999998,22.89320274,305.8508701,94.65080901,72.09055771
2018-03-26,9450.5,4.320639842,22.83342761,392.8955385,95.55405084,72.79973625
2018-03-27,6819.5,2.749915332,26.30611267,284.5807308,91.64605423,64.58276708
2018-03-28,7110.5,3.0750474760000004,24.85487411,295.5316806,91.79081665,67.31477337
2018-03-29,7159.5,3.2805196000000003,22.81698722,299.0262642,92.46007303,69.96863103
2018-03-30,3490.5,1.4403694809999998,25.96233275,146.0302843,90.79827962,64.7219507
2018-03-31,4210.0,1.665039067,26.90576355,176.0199155,92.175116,65.42301968
2018-04-01,6040.0,2.839569482,22.83913108,252.75668959999996,92.64310347,70.34030414
2018-04-02,4840.0,2.365900706,22.67269719,202.06848169999998,92.16460974,68.71417933
2018-04-03,8609.5,3.7716008660000004,24.60896164,360.4954212,94.27376187,69.64732703
2018-04-04,8040.0,3.577660775,23.10164999,335.24103460000003,93.37681068,70.48359973
2018-04-05,7930.5,3.650612541,23.07277838,331.93863839999995,93.02549691,70.27662581
2018-04-06,4490.0,1.427778239,33.2092945,187.2386305,92.85313912,59.38987525
2018-04-07,3680.0,1.259665367,30.076710700000003,155.0828554,92.04747089,62.01355259
2018-04-08,4520.0,1.6133383209999999,29.01688685,189.7164208,93.16047585,64.38626288
2018-04-09,6339.5,2.105167427,31.32941622,265.3078943,93.16375512,61.15915866
2018-04-10,5110.5,1.642730263,31.95607677,212.8963877,90.68838761,58.75405712
2018-04-11,6960.0,2.8334325519999997,24.98832209,291.3413555,92.24290958,67.59321536
2018-04-12,6350.0,2.355829976,28.87793558,264.73120409999996,94.22422708,65.55597929
2018-04-13,7660.0,3.2833127810000002,25.3957796,321.185745,94.50323863,69.31980158
2018-04-14,4649.5,1.653026115,29.92320781,192.9888753,94.88665983,64.74511385
2018-04-15,5260.5,2.037675445,26.58362951,220.1439339,95.02996933,69.12680757
2018-04-16,8880.0,3.7147135560000004,24.50788068,369.5819143,94.69413499,70.26102764
2018-04-17,6669.5,2.468906903,29.16495935,278.375707,94.597353,65.10368932
2018-04-18,5760.5,2.037213633,30.3086213,239.9276035,93.27581397,62.93376758
2018-04-19,4750.0,1.332975608,35.74415758,198.5626248,93.97146391,58.41268419
2018-04-20,4650.0,1.318182688,35.32959984,194.2928558,93.38235349,58.45519889999999
2018-04-21,3359.5,1.015368429,33.56928320000001,140.54157980000002,92.08672388,58.84211263
2018-04-22,3070.5,0.906081941,34.17072909,128.2300871,92.75148948,58.91754871
2018-04-23,4010.0,1.11350137,38.44544045,168.3233293,91.70301678,52.54723417
2018-04-24,3040.0,0.8451061240000001,36.52364602,125.7593344,88.82412020000001,51.87950091
2018-04-25,2799.5,0.7808242329999999,37.44878762,116.8251091,88.10867011,50.17514724
2018-04-26,1180.5,0.28305747,43.75659612,49.57367131,90.86911147,47.55148042
2018-04-27,1490.0,0.340087721,43.97976869,62.98074348,91.66320697,48.51115597
2018-04-28,3190.0,1.011685019,32.74564158,133.7142996,94.09108002,61.24002909
2018-04-29,2980.0,1.001436687,31.51336023,123.95563100000001,93.79904086,62.06837768
2018-04-30,4050.0,1.206899157,34.26928774,170.0860495,90.41244527,56.52491523
2018-05-01,3720.0,1.098856697,35.57946381,154.9783978,91.7726483,56.36144797
2018-05-02,2370.0,0.623380468,39.47807142,98.58488867,91.26001590000001,51.93298877
2018-05-03,1349.5,0.36490735700000004,41.71309716,59.41971343,89.78350629,48.82491378
2018-05-04,3540.5,1.0496506159999999,34.10465895,145.9773908,88.86719514,54.235764
2018-05-05,1600.0,0.608231971,30.40319766,66.59920426,85.31538514,54.42901854
2018-05-06,720.0,0.169398557,42.07330332,30.72882076,88.34227842,47.27001733
2018-05-07,1690.0,0.421196549,41.98710755,71.67618351,89.76711647,48.3939843
2018-05-08,1210.0,0.27323374899999997,46.19366205,51.95768747,92.04476739,46.56957188
2018-05-09,1580.0,0.407682915,37.96624903,66.70304745,84.57556809,47.64638164
2018-05-10,2400.0,0.8025035979999999,31.86199941,101.2879444,85.09025838,52.56983902
2018-05-11,1650.0,1.044170837,25.57888385,67.91267621,79.03227718,51.09727853
2018-05-12,970.0,0.30335074300000003,33.06475744,40.56678401,82.42937773,49.51326479
2018-05-13,710.0,0.308151542,30.44782531,30.43239712,80.53419572,47.82360173
2018-05-14,369.5,0.08321089999999999,40.84177757,16.55943364,86.02268989,45.89872682
2018-05-15,160.5,0.046033562,37.2240094,7.1157873920000005,81.81400867,45.75162197
2018-05-16,859.5,0.267254165,33.73225147,36.02780247,81.35832494,48.39183104
2018-05-17,1810.5,0.543416353,36.0662059,75.25251503,85.81883416,49.19477549
2018-05-18,1180.0,0.293536765,40.12962177,50.43377552,87.4109936,47.98679562
2018-05-19,509.5,0.134420485,40.84689545,23.51990851,88.0272592,47.95069142
2018-05-20,1150.5,0.251039757,43.24641296,47.12185413,89.80832948,48.36385761
2018-05-21,780.0,0.205941925,39.21905103,32.70179543,86.97782707,48.99741763
2018-05-22,640.0,0.156895085,41.10648231,27.67736212,87.17633725,47.20655043
2018-05-23,540.0,0.145787736,38.42775508,23.807466199999997,83.68810554,46.09580312
2018-05-24,750.0,0.185798569,40.39419304,32.02460781,86.33872933,47.20651025
2018-05-25,790.0,0.313409289,30.44076272,35.90051086,81.04280584,50.11433328
2018-05-26,760.0,0.332911154,26.05917193,31.32539495,77.60527983,51.35243694
2018-05-27,569.5,0.141595414,39.69833246,24.07604276,87.96860771,49.099289899999995
2018-05-28,710.5,0.205368462,37.92260102,33.40150611,85.74268213,48.07260357
2018-05-29,2539.5,1.2357511429999999,23.81201654,104.214484,76.37330957,51.30550521
2018-05-30,1990.5,0.849088638,28.13665424,84.88131193,81.48241382,51.06359356
2018-05-31,1759.5,0.547813569,31.96169314,73.04477168,82.9822902,50.97603894
2018-06-01,2450.5,1.130604349,23.67918055,102.508859,78.10444205,52.81894422
2018-06-02,839.5,0.27495298100000004,35.48634366,35.04716551,84.75611823,50.04024348
2018-06-03,1670.5,0.432623081,39.49708131,70.68268794,89.36154211,49.73039969
2018-06-04,1329.5,1.465682091,31.12111917,169.1817591,86.01708829,52.39623954
2018-06-05,3500.0,1.038441963,31.22777266,131.8819767,83.60951682,51.83397866
2018-06-06,1100.5,0.313635913,34.49469171,45.55500182,82.23827908,48.07663409
2018-06-07,1919.5,0.589314467,34.65703703,80.75010765,82.75982194,48.61288757
2018-06-08,3600.5,1.1154462920000001,32.1129783,151.5518357,86.53800433,54.32192021
2018-06-09,1310.0,0.403353729,32.37768848,53.50067382,89.00910137,56.61862311
2018-06-10,2080.0,0.605718659,36.23925351,86.53035101,88.79764971,52.45562301
2018-06-11,2620.0,0.7550198109999999,37.13314862,110.7864632,89.83392972,52.54514452
2018-06-12,2490.0,0.6663050739999999,38.14665767,103.24428759999999,88.62148026,50.5899344
2018-06-13,3100.0,0.993909846,33.83329044,130.3998671,87.98373308,53.24439989
2018-06-14,1700.0,0.438633434,38.39729783,71.04610251,87.57120914,49.43031685
2018-06-15,210.0,0.063744145,33.50896502,9.759988831,82.21332958,48.54530457
2018-06-16,190.0,0.049392005,35.53374972,9.05763939,84.55933379,49.09439688
2018-06-17,179.5,0.044914317,37.20108299,8.47329914,86.61492867,49.32357081
2018-06-18,200.5,0.05083018,38.02689264,10.03632,87.25410152,49.29649605
2018-06-19,210.0,0.059017293,36.48795659,10.61376216,86.12009698,49.61468039
2018-06-20,210.0,0.059477941,34.11527126,10.53966492,84.16385413,50.02547175
2018-06-21,210.0,0.058679909,35.00669188,10.44134316,84.73460132,49.78667978
2018-06-22,210.0,0.057710066,33.38082867,9.385775927000001,82.96998869,49.4338299
2018-06-23,169.5,0.051269641,34.00447178,8.46494272,83.0853566,49.012698799999995
2018-06-24,180.5,0.05212924099999999,35.76336553,7.0489703089999995,84.8298429,48.9809449
2018-06-25,200.0,0.075590273,28.05112728,9.130451769,77.33448865,48.85047345
2018-06-26,220.0,0.066212541,31.54941122,10.00321809,81.07379414,48.84490899
2018-06-27,200.0,0.058866798,36.01204489,8.979954135,84.66063404,48.61651661
2018-06-28,219.5,0.08521061099999999,25.12485356,10.29666706,75.16653545,49.30022327
2018-06-29,200.5,0.071624899,28.25307074,10.24748886,78.26738224,49.48826927
2018-06-30,200.0,0.047932771,35.84537135,9.255810776,84.71347041,48.84414507
2018-07-01,180.0,0.054542081,32.25138465,8.648044481,82.56439876,49.58056661
2018-07-02,180.0,0.07065107,24.27282101,8.395081394,75.45226558,50.93878427
2018-07-03,219.5,0.112602874,21.41350693,11.28684072,72.01838758,49.63329497
2018-07-04,240.5,0.108612777,21.77681348,11.36375052,70.4798229,48.72843967
2018-07-05,230.0,0.09672022300000001,24.52410894,11.08230376,73.64111205,48.50108887
2018-07-06,230.0,0.064864097,35.34701956,11.12025523,83.62116842,48.42522981
2018-07-07,180.0,0.048607668,36.74057796,9.097072288,85.59297632,48.89685993
2018-07-08,179.5,0.045325165,37.70628439,8.651076872,86.69902481,48.95498743
2018-07-09,230.0,0.061853038,37.51212265,11.58246589,85.86386176,48.40623788
2018-07-10,260.5,0.07356027700000001,35.19832556,12.41174842,83.26023271,48.17645889
2018-07-11,239.5,0.068670521,36.32719949,12.08586876,84.57292638,48.31551295
2018-07-12,260.5,0.064472733,38.11218851,12.24034777,85.98820433,48.14724246
2018-07-13,219.5,0.059989966,39.25634999,11.23294031,87.59046031,48.49164402
2018-07-14,190.0,0.048860369,37.27262792,8.620810714,86.26624812,48.92526206
2018-07-15,170.5,0.049175248,36.9586402,8.503426403999999,85.87785632,48.85345113
2018-07-16,240.0,0.061062078,36.8695405,11.63049829,85.08572142,48.29635736
2018-07-17,220.0,0.069880076,34.55078276,11.26988489,82.94381466,48.42196192
2018-07-18,230.0,0.064047836,35.85490489,11.13216499,84.37343117,48.50406005
2018-07-19,230.0,0.063777678,33.34892181,11.34616954,81.97527609999999,48.62291216
2018-07-20,219.5,0.075830307,29.12844033,10.14938705,78.1890878,48.86317808
2018-07-21,180.5,0.06719772,26.89631941,8.665694762000001,76.6540412,49.24968986
2018-07-22,180.0,0.05827083,32.79746269,8.441180861,81.93383824,49.11774052
2018-07-23,210.0,0.070844935,30.85060008,10.34009293,79.36249818,48.60944419
2018-07-24,210.0,0.071496491,30.25450578,10.3024425,78.95644327,48.76211247
2018-07-25,210.0,0.07350485,28.063565000000004,9.398808332,76.85599889,48.73314779
2018-07-26,199.5,0.06453938,29.69464783,9.882014279,78.75351318,48.85427609
2018-07-27,200.5,0.066433349,28.93021024,9.438380033,77.93913684,48.9005735
2018-07-28,160.0,0.061031889000000006,27.65863345,8.08296334,77.08688618,49.29296698
2018-07-29,159.5,0.051152293,31.75574657,7.6797572810000005,81.24242857,49.33750071
2018-07-30,180.5,0.064312014,28.62688243,8.804502603,77.83088017,49.07301012
2018-07-31,180.0,0.067450163,28.27375423,9.306551263,77.48821887,49.06511387
2018-08-01,190.0,0.06995804,27.80097166,9.163275866000001,77.04427273,49.23042338
2018-08-02,199.5,0.071445115,27.42265198,9.543125429,76.5181231,49.08089374
2018-08-03,200.5,0.06640444599999999,29.53391582,9.588379948,78.81145636,49.13981986
2018-08-04,170.0,0.054699392,31.06211583,8.199363722000001,80.43654308,49.38694005
2018-08-05,169.5,0.054416663,32.03309347,8.341574519,81.54076971,49.37548696
2018-08-06,160.5,0.047768162,32.9744967,6.945937902000001,82.46100716,49.41605888
2018-08-07,190.0,0.055713763,36.19233554,7.808831408,85.08542736,48.97951854
2018-08-08,180.0,0.052467397,34.63168099,7.865914815,83.77743286,49.14042754
2018-08-09,179.5,0.056874997000000004,32.35896737,7.763437856,81.55573091,49.13502455
2018-08-10,190.5,0.054094100000000006,34.03322646,8.015914807,83.03936038,49.01420065
2018-08-11,160.0,0.052241509000000005,32.87617032,6.615208712,82.3976378,49.44143615
2018-08-12,169.5,0.054748325,29.63637928,6.907025577000001,79.09853972,49.38776699
2018-08-13,200.5,0.061979099,31.77346267,8.887326667,80.72037397,49.00294495
2018-08-14,200.0,0.064668978,30.50903277,8.91505817,79.64873743,49.13271991
2018-08-15,210.0,0.073398851,28.80043407,9.521817512,78.09752315,49.25803998
2018-08-16,199.5,0.070891232,28.79138254,10.20866944,78.20581493,49.30955902
2018-08-17,220.5,0.072306773,29.13333241,10.62745414,78.41832162,49.24767032
2018-08-18,179.5,0.068726012,26.55366048,8.804780477000001,76.30485921,49.60288669
2018-08-19,170.5,0.054819441,30.28799967,7.705081204,79.85985947,49.49653203
2018-08-20,200.0,0.066564779,30.30548064,10.11685235,80.2644141,49.10936736
2018-08-21,200.0,0.08755198199999999,24.55852795,10.17255836,75.01749532,48.91855416
2018-08-22,199.5,0.062930616,32.83708242,9.739352275,81.03860913,48.22155238
2018-08-23,200.5,0.069416245,28.27738067,9.14178274,76.8668959,48.59098088
2018-08-24,180.0,0.075560341,26.423398300000002,9.092072211,75.92036197,49.25502887
2018-08-25,179.5,0.070369177,25.86861019,8.958298937999999,75.24388711,49.29859267
2018-08-26,180.5,0.072089759,27.57766184,8.714849827,76.77708068,49.10042366
2018-08-27,200.0,0.071367215,29.48226833,9.800150899,78.40363663,48.89301255
2018-08-28,200.0,0.073316225,27.11999908,10.146308300000001,76.85861279,49.50083314
2018-08-29,210.0,0.07060991700000001,30.11504389,9.949062826,78.95631774,48.79821328
2018-08-30,200.0,0.06548929,31.43139557,10.16181742,80.23262831,48.73037164
2018-08-31,190.0,0.065158497,28.52651313,8.184548884,77.47645664,48.90785597
2018-09-01,180.0,0.062883484,31.3817502,8.73796344,80.85941508,48.88859863
2018-09-02,180.0,0.057488969,30.95180896,8.498680924,80.64205849999999,49.05697621
2018-09-03,180.0,0.065473633,29.05008736,8.561204027999999,78.53198640000001,48.99271773
2018-09-04,219.5,0.081267646,25.90842237,10.74583379,75.61769465,49.36110324
2018-09-05,230.0,0.083401133,26.70875368,11.49687549,76.08757002,49.21148381
2018-09-06,230.5,0.08897215300000001,28.69795859,11.5140746,77.01188799,48.34789632
2018-09-07,230.0,0.082394896,25.93176833,10.6052898,74.99505045,48.80343942
2018-09-08,180.0,0.067269158,26.73313339,8.23202574,76.43400425,49.42370272
2018-09-09,180.0,0.069065582,27.72858174,8.689583711000001,77.5518395,49.49329037
2018-09-10,230.0,0.07345125599999999,31.30753022,11.67388935,80.57925307,49.23022952
2018-09-11,230.0,0.079032435,28.97342884,12.00288244,78.52054557,49.27888759
2018-09-12,239.5,0.071120688,32.68999933,12.37568337,81.79111023,49.1544963
2018-09-13,240.5,0.077676661,30.89615933,11.69109997,80.0595885,48.95890322
2018-09-14,259.5,0.08551983199999999,29.22220887,12.18688698,78.07999077,48.66960039
2018-09-15,190.5,0.055468039000000004,31.0489031,8.848368257999999,80.77948107,49.43624492
2018-09-16,190.0,0.06039972,31.01322232,9.395150902000001,81.10738416,49.52546327
2018-09-17,250.0,0.065818894,33.20867682,12.59016268,82.35432237,48.99808059
2018-09-18,260.0,0.072456143,33.00420779,13.76122751,82.49067245,49.40054284
2018-09-19,250.0,0.081821401,30.90360216,12.91253524,80.87072516,49.91796069
2018-09-20,250.0,0.069439554,33.55791435,12.36544024,83.36704335,49.75490027
2018-09-21,240.0,0.07191399400000001,32.40307647,12.37935225,82.88296428,50.38008318
2018-09-22,199.5,0.05766721,31.79505827,10.42272019,82.42215066,50.60474512
2018-09-23,190.0,0.05746566,32.85267894,9.607963298,83.39451186,50.45281619
2018-09-24,260.5,0.072672449,31.96900972,13.35838022,82.35487792,50.11603077
2018-09-25,259.5,0.075666662,32.48353857,14.05068345,82.51710214,50.12439273
2018-09-26,1820.5,0.47014877200000005,36.19884317,78.10744583,84.55892467,49.06542161
2018-09-27,2040.0,0.540845912,37.3805719,85.73642703,86.52773014,49.64716335
2018-09-28,1220.0,0.341118104,34.19667408,51.71481695,82.86824299,48.67577024
2018-09-29,730.0,0.20035669600000003,36.59662021,31.59024458,84.47401475,48.50179268
2018-09-30,1680.0,0.551823017,31.00765975,70.3807671,87.80564875,57.11351254
2018-10-01,3920.0,1.102758699,34.94003571,164.07808630000002,86.58377928,52.10570484
2018-10-02,4680.0,1.559048037,30.69075254,196.5939904,89.27599079,58.77243222
2018-10-03,6310.0,2.3546834309999998,27.52393849,265.2673859,92.8972217,65.80076123
2018-10-04,5550.0,1.928696855,29.68367353,230.78546269999998,92.89124427,62.38325129
2018-10-05,4860.0,1.609871241,31.07880411,203.1692342,91.91105864,61.09977461
2018-10-06,2459.5,0.7346771129999999,33.572599,103.1509192,90.82973378,57.47085027
2018-10-07,2430.5,0.724964084,33.70721358,101.7239515,90.75167806,57.50913698
2018-10-08,6319.5,1.7197719919999999,36.10566094,263.3637614,92.06793414,56.00433247
2018-10-09,4900.5,1.457355525,34.03926269,205.34742780000002,90.32205818,56.5939188
2018-10-10,3890.0,1.51184665,26.48168361,162.75909309999997,84.42721854,57.01094581
2018-10-11,3810.0,1.7794547530000002,23.11814528,159.1162336,80.14426608,57.03746343
2018-10-12,3410.0,1.298966969,25.83717588,142.5789187,82.68155378,57.09011569
2018-10-13,1650.0,0.568956887,29.35232691,69.12739911,87.10457323,57.7454169
2018-10-14,2380.0,0.731725947,33.42635093,101.8281063,90.44227662,57.47759258
2018-10-15,4870.0,1.444834696,33.03384211,200.9865145,89.56478912,56.56610589
2018-10-16,4150.0,1.29911193,31.63866006,173.76956850000002,88.63068379,56.77472577
2018-10-17,3000.0,0.9891352179999999,30.30963486,126.11920659999998,85.26635868,54.70344349
2018-10-18,2459.5,0.722915413,34.07547567,102.8306878,86.74399745,52.65006952
2018-10-19,1870.5,0.579453133,33.08344947,78.18235322,86.11276784,52.61007626
2018-10-20,1490.0,0.6720488379999999,23.02426852,62.93688946,82.64348923,59.63687527
2018-10-21,1559.5,0.7108131109999999,23.69079887,65.32819752,81.78348321,57.23028235
2018-10-22,3830.0,1.545335179,28.69933464,161.47948730000002,87.00765438,54.818849699999994
2018-10-23,4290.5,1.202272684,35.44556739,179.5116639,91.9845447,57.17702574
2018-10-24,3520.0,0.889185179,39.76892331,147.9611983,94.17293582,54.48410225
2018-10-25,4260.0,1.459359453,30.62885849,177.48704519999998,89.61316727,57.99831324
2018-10-26,2190.0,0.636079287,34.69822303,91.68391648,88.58718566,54.37233523
2018-10-27,1880.0,0.661152455,29.13603067,78.95407782,90.03954399999999,61.11049959
2018-10-28,3930.0,1.3832786240000001,28.49798469,165.0839897,90.33881905,62.37977023
2018-10-29,7420.0,3.03350672,24.64484816,308.6740417,89.46038663,65.2295385
2018-10-30,5759.5,2.472994957,24.90566466,241.3362023,85.85881374,60.89698944
2018-10-31,5940.0,2.08652578,28.93381924,248.0656943,91.75440507,63.18464043
2018-11-01,4550.5,1.4092407869999999,32.71557827,189.55951100000001,89.88695201,57.50617760000001
2018-11-02,3550.0,1.182935847,29.39326444,148.6911064,84.12905005,55.24699038
2018-11-03,3379.5,1.418044731,25.01912766,141.43008659999998,86.53840893,61.3671275
2018-11-04,3560.0,1.3826051000000001,24.58719856,143.00519540000002,83.72314626,59.30672428
2018-11-05,5470.5,2.228784354,25.60291623,228.1602876,85.98809938,60.67096235
2018-11-06,6130.0,2.528186286,24.71746366,256.5870148,88.63531248,64.44408507
2018-11-07,6339.5,3.574521255,18.52142502,264.3902784,86.28892742,68.20505664
2018-11-08,7230.0,3.516248159,20.81567131,303.3775727,91.29618042,71.25328329999999
2018-11-09,7430.5,3.6103794189999996,20.46199694,311.32793060000006,91.37376684,71.16648664
2018-11-10,4919.5,2.2307712790000003,22.88397872,206.9872898,90.50240639,68.01982086
2018-11-11,6570.5,2.970431905,23.03203279,273.9694689,92.70133929,69.99524186
2018-11-12,5960.0,2.732441933,23.13852432,248.01989619999998,91.39909327,68.14501061
2018-11-13,8840.0,3.795373746,23.83834069,370.49082819999995,89.80300114,65.43804752
2018-11-14,7339.5,2.809128,26.75932565,305.803904,89.79215797,63.40857729999999
2018-11-15,6390.5,2.116202602,30.26815014,266.72700319999996,89.5035462,58.87301896
2018-11-16,5359.5,1.52479508,34.69111574,224.44897999999998,89.05570329,54.57452373
2018-11-17,3730.0,1.064323224,34.91925428,155.6086648,90.43363726,55.72144847
2018-11-18,5370.5,1.40969504,38.25534481,225.35666559999999,92.89638479999999,54.74714725
2018-11-19,8560.0,2.28847954,37.45948634,356.60727349999996,92.77898705,55.36634836
2018-11-20,7060.0,1.960973281,35.29525279,294.3652103,92.00928212,56.29101929
2018-11-21,7719.5,3.7800779760000003,26.33681428,322.1916232,89.1353638,62.23075713
2018-11-22,7440.5,2.425698148,30.71264629,311.331103,92.44064794,62.02683964
2018-11-23,7030.0,2.3357483119999998,30.08939818,293.80970089999994,92.76771202,62.792280500000004
2018-11-24,4420.0,1.5899895590000002,28.21686919,185.0318844,92.05998521,64.29231162
2018-11-25,6090.0,2.096896309,29.50018873,255.00510519999997,92.94273013,63.88397571
2018-11-26,9230.0,5.554730776,19.13294475,384.5702377,91.7602917,72.27626143
2018-11-27,6889.5,6.099500667999999,12.53189238,289.15860180000004,89.67573487,76.88243377
2018-11-28,6640.5,3.4337058519999997,19.73166202,277.98166769999995,92.04797186,72.84289576
2018-11-29,7140.0,3.332883378,21.27560265,298.1558358,91.52482691,70.65712112
2018-11-30,6990.0,3.1048566610000004,22.56402293,292.5598864,92.42487163,70.40436406
2018-12-01,970.0,0.5573845620000001,31.60758914,44.20940016,81.94877841,42.32166101
2018-12-02,9480.0,3.8295337760000003,25.33408682,395.0316613,94.31845663,69.52072340000001
2018-12-03,11440.0,4.549753938,25.86078548,476.04193310000005,93.82584046,68.10401353
2018-12-04,11390.0,4.426430846000001,26.36336601,475.9185866,93.80333861,67.44926446
2018-12-05,10610.0,4.084302858,26.56989966,441.18634050000003,93.71720371,67.39006209
2018-12-06,11759.5,6.868703797999999,21.96140774,488.99241770000003,95.03128663,74.09307892
2018-12-07,11410.5,8.768136393999999,16.34097495,475.93689680000006,95.03410235,79.34913608
2018-12-08,7390.0,3.8530848669999997,20.20412282,309.8001528,92.94513819,73.0391745
2018-12-09,7340.0,3.398026831,22.25794742,305.66594069999996,92.43255397,70.51495261
2018-12-10,9390.0,3.886101135,24.94460614,391.47823539999996,91.84493747,67.24109811
2018-12-11,9820.0,4.63415537,22.13867843,410.1331665,92.07559044,70.07223555
2018-12-12,9459.5,4.418903338,22.14674165,394.151998,92.35431764,70.48020211
2018-12-13,9420.0,4.544800928,22.17702837,392.8732935,93.17710799999999,71.17785396
2018-12-14,7430.5,2.5011137580000002,30.42175502,310.5758253,93.10959103,62.577992599999995
2018-12-15,6790.0,3.0974244289999997,22.80223664,284.246356,93.56583668,70.94199122
2018-12-16,6450.0,2.553230244,26.12299493,268.1149778,92.89177215,67.11328306
2018-12-17,9500.0,3.4839961,27.72986212,396.8082478,93.89125275,66.15787868
2018-12-18,8360.0,2.947988395,28.63966597,347.9660467,94.54922803,66.18195404
2018-12-19,8080.0,2.950379939,27.80645902,337.144993,94.10972740000001,66.49525691
2018-12-20,7360.0,2.890355711,26.77870989,311.8950146,92.64104738,65.1742388
2018-12-21,11480.0,5.7712334720000005,20.49999941,478.05918909999997,94.26130082,74.06281536
2018-12-22,8480.0,4.6531446039999995,19.28383253,353.78400930000004,93.79384647,74.83144843
2018-12-23,7550.0,3.768886395,20.638867899999997,314.5425966,93.27821302,72.95115919
2018-12-24,9190.0,4.29201576,22.19922027,382.5398223,93.47109518,71.65075792
2018-12-25,6760.0,3.7831569430000003,18.77589253,284.2632999,93.65245622,75.26495157
2018-12-26,8660.0,5.230977171,17.30024003,361.5394857,94.37885808,77.41837525
2018-12-27,7770.0,4.511235517,18.26994818,323.9675735,93.71940671,75.86067896
2018-12-28,10500.0,7.000143893,15.62748767,438.08153569999996,93.86308513,78.17048422
2018-12-29,6860.0,3.090538806,23.94732658,284.90011660000005,92.80846302,69.42655509
2018-12-30,8089.5,4.113510545,21.63091263,339.0632566,94.0590265,72.95437442
2018-12-31,8980.0,5.444400042000001,18.01934679,373.79842,93.4049316,75.75601068
2019-01-01,8950.5,5.071052042,18.59984333,374.4653997,93.71501173,75.46579663
2019-01-02,12040.0,6.480125574,18.98166164,500.54931789999995,94.11268583,75.13452657
2019-01-03,9529.5,4.018489193,25.07278956,396.8853202,94.27163265,69.56703189
2019-01-04,7650.5,2.755580316,28.27790907,319.0097484,94.28765073,66.36745826
2019-01-05,6700.0,2.70520496,25.49908363,279.6204302,94.17394792,68.94406014
2019-01-06,7839.5,3.618039491,22.72491589,329.3059772,94.46745655,72.11491626
2019-01-07,11270.0,6.029403102000001,20.01628813,469.05730310000007,94.75551331,75.09179514
2019-01-08,10750.0,5.972369569,18.96654208,448.55819180000003,95.06128592,76.37030636
2019-01-09,8340.5,3.520684766,26.15089134,347.0608142,94.26930578,68.44716186
2019-01-10,6300.0,1.96359269,32.69515333,263.851563,93.81537429,61.41546013
2019-01-11,6109.5,1.9519218969999999,32.20399105,256.3304974,94.56839201,62.74514831
2019-01-12,6580.0,1.9903068380000002,33.52968423,275.26518619999996,94.17360917,60.97247001
2019-01-13,4670.0,1.45094279,32.9725163,195.9894187,94.35265856,61.64931179
2019-01-14,9920.5,3.733799031,30.4503617,415.8146727,95.12902571,65.48306078
2019-01-15,10180.0,5.4128729689999995,20.16264589,424.1123705,95.70904315,76.01321831
2019-01-16,9120.0,4.233414817,23.33374637,381.76236780000005,95.93775525,73.21121903
2019-01-17,7799.5,2.998397058,27.15675389,326.9053166,94.75849523,67.98742483
2019-01-18,7410.5,2.769942256,27.16383703,311.190501,94.16426142,67.31578769
2019-01-19,5690.0,2.163552721,27.08722218,239.387859,94.70893099,68.01633365
2019-01-20,7240.0,3.2395931510000002,23.21508531,302.4918077,95.15387414,72.30117763
2019-01-21,10320.0,4.911037903,22.689951,429.50191910000007,95.44135856,73.30775268
2019-01-22,10490.0,4.945454777,21.85996283,439.268794,95.7958163,74.14355537
2019-01-23,9190.0,3.9538974610000004,24.30710315,383.522471,95.59535161,71.59553453
2019-01-24,8070.0,3.259905277,25.26017541,339.2719737,95.44579597,70.60185509
2019-01-25,7720.0,3.2038239689999997,25.11728159,322.8178855,95.36720837,70.78659054
2019-01-26,6150.0,2.547989685,25.05338343,257.1404981,95.89566744,71.30228162
2019-01-27,7150.0,3.1919480960000004,23.32749161,298.83224789999997,96.30680436,73.39480098
2019-01-28,9850.0,4.111074899,24.94979843,411.4877381,96.57210505,72.37699996
2019-01-29,8940.0,3.7913265089999997,25.10319329,374.68494760000004,96.14458303,71.57538443
2019-01-30,8799.5,3.931794799,23.66226614,368.5324258,95.53981329,72.26031667
2019-01-31,7920.5,3.024741413,27.125969899999998,330.7252129,95.62542204,69.02299879
2019-02-01,7740.0,3.10246184,25.54561913,323.8296794,94.65190702,69.49414195
2019-02-02,6600.0,2.981461153,23.18755608,276.3967495,94.84902761,72.11625615
2019-02-03,10840.0,8.219306693,14.95229074,454.1503003,96.93172301,82.31497819
2019-02-04,15419.5,15.18872512,10.47401294,645.6839997999999,92.33042543,81.54267881
2019-02-05,15220.5,12.6878679,12.90933967,631.9676808999999,96.20011263,83.64121061
2019-02-06,12860.0,8.915113225,16.79345759,536.0741672,98.0921112,82.47315543
2019-02-07,12919.5,7.3293249739999995,18.41350747,539.2859743,99.24700219,81.23373251
2019-02-08,12190.0,5.6773821710000005,22.86776905,511.79584360000007,101.5409021,79.2874503
2019-02-09,10540.0,7.866917356,16.36195557,441.03605030000006,97.54756019,81.07226809
2019-02-10,12770.0,9.859201183,12.22706226,506.024171,101.2920522,88.43454098
2019-02-11,15400.0,10.70828566,18.23101488,640.3865817000001,97.84248489,79.90422329
2019-02-12,13460.5,5.077110434,27.29216461,559.9956645,99.77104797,72.85268491
2019-02-13,12510.0,4.9101174830000005,26.50160276,520.8427222,98.13926276,71.54765399
2019-02-14,12420.0,4.460922469,28.38244466,518.2062291,99.22470036,71.03335913
2019-02-15,11310.0,4.499333397,25.66350359,473.7099284,97.43124848,71.82512512
2019-02-16,9240.0,4.3486812630000005,22.64392986,387.91123369999997,96.47198,74.29405995
2019-02-17,9690.0,4.900075343999999,20.69827633,403.15306380000004,96.50647655,76.16160951
2019-02-18,12409.5,5.933353086,21.58633177,516.522061,97.03359917,75.79832244
2019-02-19,11830.0,5.337645211,22.81907558,493.61663089999996,98.05695844,75.65663802
2019-02-20,8490.5,3.448333855,25.64148133,355.2020189,97.78498692,72.61417436
2019-02-21,10350.0,3.472078878,30.05829516,431.59645489999997,98.93357299,69.23582868
2019-02-22,10840.0,3.659730314,29.81389872,451.9804262,98.60271997,68.91712623
2019-02-23,8410.0,2.899484503,29.85215825,353.7874818,98.57668439,68.98257127
2019-02-24,8970.0,3.183218278,29.59374353,374.3671481,98.65302659999999,69.41037924
2019-02-25,11550.0,4.079313642,29.66116535,480.98994289999996,98.88615438,69.74488694
2019-02-26,11059.5,3.783643183,30.74391765,461.2583067,99.34999863,69.1528107
2019-02-27,10590.5,3.442080334,31.2599331,443.9513518,98.79395922,67.83006813
2019-02-28,9650.0,3.1540618410000003,30.84689964,404.96655719999995,97.87336289,66.9096332
2019-03-01,9080.0,3.894239935,25.14468981,380.5382579,94.29200978,69.14861775
2019-03-02,7190.0,2.6788979669999997,27.91045201,302.6603263,95.34208186,67.62491846
2019-03-03,9100.0,3.4334902310000004,27.70047995,379.4459891,96.74135491,69.31735824
2019-03-04,10510.0,4.189440285,29.12506745,437.4310631,98.99904384,70.57817921
2019-03-05,10120.0,3.3181307999999996,31.068477899999998,422.2259106000001,98.42838355,67.80133239
2019-03-06,10810.0,3.823611759,29.26371687,451.9200203,99.4065693,70.29762609999999
2019-03-07,10770.0,3.568136037,30.70460634,448.57212910000004,99.57593389,69.00137779
2019-03-08,9620.0,3.132934445,31.22013051,401.7164892,99.10814023,68.40816302
2019-03-09,7380.0,2.562496581,30.19847369,309.8418312,99.16290388,69.32644534
2019-03-10,6980.0,2.485046536,31.36009933,303.1702685,98.35368586,67.41467693
2019-03-11,11170.0,3.646873598,31.73486643,467.0232613,98.92879184,67.70849051
2019-03-12,8720.0,2.692790833,33.7159215,362.9806772,98.67943185,65.84018262
2019-03-13,7500.0,2.112701285,35.89439225,313.8978735,98.0512219,62.41076365
2019-03-14,7619.5,2.1928798780000003,35.25576945,318.8832675,97.90602569,63.28337957
2019-03-15,6610.5,1.991172194,33.82643626,277.3876162,95.78684389,62.00778122
2019-03-16,4770.0,1.592007564,31.38924647,200.37889819999998,93.84213513,62.46148187
2019-03-17,4070.0,1.2852506240000001,32.675671799999996,171.0303668,92.2906819,59.37602386
2019-03-18,4290.0,1.17693617,39.83752496,182.0472879,91.89216837,51.883881
2019-03-19,3860.0,1.014818602,38.83872336,160.3452389,91.25404211,51.98613846
2019-03-20,3640.0,1.011625542,37.28717315,150.7655739,89.49587421,51.50458886
2019-03-21,2929.5,0.8133303409999999,38.54891349,122.645526,88.22930174,49.04040421
2019-03-22,3600.0,1.022074487,37.10312504,150.22230980000003,89.94757663,52.10008581
2019-03-23,4590.5,1.425380062,32.97938004,192.78772890000002,90.05076807,56.062946999999994
2019-03-24,4789.5,1.696183075,29.35612291,200.2020236,90.56514354,61.12351527
2019-03-25,7580.0,2.4390097930000003,31.75295073,316.325999,92.47996135,60.730896400000006
2019-03-26,6240.5,1.92399041,33.51661668,260.5184729,94.46677327,60.27623382
2019-03-27,6060.0,1.86496544,33.37246972,254.05905159999998,94.48004445,60.53609201
2019-03-28,4429.5,1.137392573,40.74787556,186.9310045,93.87083593,53.50558541
2019-03-29,4060.0,1.081663313,38.92433827,170.1373108,94.65392393,54.77467397
2019-03-30,2860.5,0.8155986709999999,38.13342898,120.431684,93.79007185,55.23034663
2019-03-31,3000.0,0.881053144,35.71225953,124.3724835,93.00075201,55.770945
2019-04-01,4180.0,1.053675115,40.92934599,174.3706332,94.71483577,52.87439267
2019-04-02,3300.0,0.764364068,45.33247795,137.0697869,94.33047229,49.51110102
2019-04-03,5869.5,1.590151052,37.57626178,246.2720827,95.57519115,57.6501801
2019-04-04,4890.5,1.196712918,41.37272952,204.1471734,95.73122226,54.20217989
2019-04-05,4799.5,1.2560518729999999,38.0358477,200.1081459,95.40564081,56.94502190000001
2019-04-06,5160.5,1.593967955,32.69990157,215.5641068,95.4157594,62.76258258
2019-04-07,3030.0,0.931235879,34.93362833,129.0053067,95.81248342,60.22278918
2019-04-08,7150.0,2.059716079,34.7099695,296.23580150000004,96.63327135,62.37646848
2019-04-09,6300.0,1.6900713490000001,38.17591519,266.59116919999997,96.02399031,57.88701072
2019-04-10,6790.0,1.9610113059999998,34.86316087,282.3142147,95.9596573,61.5190031
2019-04-11,7080.0,2.155243636,33.23047575,295.4663681,97.27227451,64.48276554
2019-04-12,6250.0,1.9269115630000002,32.78898778,261.8673392,97.0486196,64.87413803
2019-04-13,3980.0,1.298398846,31.44991471,166.9114075,96.82478163,65.58488072
2019-04-14,4779.5,1.532040259,31.98569694,198.72728940000002,97.22268769,65.32111163
2019-04-15,6390.5,1.815176114,35.77677359,266.4686118,96.77021656,61.52534923
2019-04-16,5830.0,1.56706151,37.61134485,243.31114509999998,97.06498724,59.71800611
2019-04-17,4970.0,1.190948323,41.96242444,207.720358,96.79415434,55.14576692
2019-04-18,6269.5,1.728007628,36.61892099,261.5735074,96.96931987,60.82322104
2019-04-19,2270.0,0.601058996,38.52236082,95.23081449,95.6873543,57.09162234
2019-04-20,3660.5,1.031329467,36.43209614,152.9323337,94.91097809,58.01003118
2019-04-21,2030.0,0.5624899729999999,38.30067379,83.82898536,91.69443081,53.21589872
2019-04-22,3139.5,1.031855053,31.31816119,131.4746817,93.94062202,62.30092705
2019-04-23,5830.5,1.514251749,37.85940358,243.0253008,93.49943083,55.17714179
2019-04-24,6470.0,1.870991413,35.18051127,270.305083,92.78074807,57.09060732
2019-04-25,5949.5,1.77359742,34.04198905,248.27939849999999,93.20339129,59.23145772
2019-04-26,4780.5,1.3387454159999999,35.9254953,199.8710275,92.99777403,56.96398994
2019-04-27,5750.0,1.858018839,31.73400275,241.6539699,93.46362994,61.8292453
2019-04-28,4230.0,1.298798177,35.28292547,179.07255419999998,92.43508054,56.30605162
2019-04-29,4690.0,1.213680865,38.47179422,191.51929019999997,92.80806002,53.43531532
2019-04-30,3190.0,0.8495683820000001,38.23652101,132.71800359999997,89.21870643,51.067665399999996
2019-05-01,3210.0,0.899110173,36.30969922,134.16399909999998,86.81119426,50.48309508
2019-05-02,3470.0,0.9387902459999999,37.59713278,141.44213630000002,90.43022988,52.26441455
2019-05-03,3490.0,0.9454277170000001,37.34084096,144.8399601,89.90439155,52.33181415
2019-05-04,1959.5,0.6001022770000001,34.98683025,81.93173978,88.33954419,52.74596179
2019-05-05,2060.5,0.580195476,35.19761316,85.35015408,86.86029321,51.37568622
2019-05-06,2720.0,0.76456221,34.98582536,115.43535279999999,84.94697117,49.14112104
2019-05-07,2550.0,0.6729285979999999,35.08984773,104.56503909999999,86.0837977,50.50527351
2019-05-08,1470.0,0.41148474,34.98957305,61.42900763,85.54890536,50.80167761
2019-05-09,750.0,0.225756805,33.4382629,30.75026736,81.52920853,48.32392
2019-05-10,449.5,0.124497389,36.73047071,19.29203786,83.62905531,47.5799294
2019-05-11,500.0,0.17728423100000001,28.95020574,24.71265155,74.96259018,47.67812663
2019-05-12,1270.5,0.319166393,37.15434956,50.3625136,85.77178425,49.30632631
2019-05-13,2040.0,0.566831668,35.65105461,85.59606888,84.47462058,49.48636751
2019-05-14,3480.0,1.0643900659999999,32.35812326,145.15780780000003,86.4488441,53.04858754
2019-05-15,2430.0,0.699586033,34.45841686,101.410167,85.54253076,51.071878399999996
2019-05-16,1560.0,0.40752164799999996,36.42141333,64.82832459,84.69830727,48.50149256
2019-05-17,2750.0,0.7131465090000001,37.54315205,114.446417,86.07539196,48.654323600000005
2019-05-18,1310.0,0.35478547299999996,36.21188101,53.52938915,85.52568859,49.393982799999996
2019-05-19,1119.5,0.324404977,32.81375698,44.71735169,83.26796827,49.49559377
2019-05-20,2940.0,0.833976629,34.14664347,122.01093090000002,82.83133826,48.81559027
2019-05-21,2880.5,0.839628953,34.15812585,119.6604679,82.46982754,48.80552938
2019-05-22,2349.5,0.706883261,32.315736,97.56226141,81.3086785,48.99325407
2019-05-23,1170.5,0.33924143,34.72719804,48.06231654,81.75427592,47.95308418
2019-05-24,2659.5,0.8249016840000001,32.78373276,110.83812990000001,82.05124184,49.61009109
2019-05-25,1000.0,0.33479779,31.03722143,40.63603167,84.19399316,53.00956155
2019-05-26,420.0,0.13570244199999998,32.42878612,16.47068361,84.97279953,51.71769899
2019-05-27,350.0,0.09784712,38.71054612,17.65811424,84.85173493,47.05323946
2019-05-28,1610.5,0.466600289,35.69420457,66.12227151,81.74894245,46.91768678
2019-05-29,1329.5,0.361036986,36.98691377,55.12875263,83.76547955,46.99940213
2019-05-30,580.0,0.168558376,34.192518,22.9561352,82.15436559,48.36167751
2019-05-31,230.0,0.076632647,31.910440100000002,9.248380005,80.40619961,48.69603974
2019-06-01,180.5,0.06253623,29.36649933,7.334143845,78.82213068,49.26677616
2019-06-02,190.0,0.049592204,38.98522892,9.634873184,87.47077109,48.41869489
2019-06-03,220.0,0.059608439000000006,38.64857727,11.75471126,87.09445476,48.45120756
2019-06-04,220.0,0.066716785,32.90260258,11.22156308,82.27180339,48.73476228
2019-06-05,230.0,0.06778938,34.79678338,11.86230387,83.62950081,48.77012649
2019-06-06,220.0,0.08808892199999999,26.76925463,10.667604699999998,76.34476115,49.05197307
2019-06-07,210.0,0.074239611,28.60262692,9.800185589,78.32425101,49.37556879
2019-06-08,190.0,0.061640075,30.88604573,9.372269038999999,81.21082758,49.51613634
2019-06-09,190.0,0.055331433,33.96351431,9.294271374,83.37653487,49.34034539
2019-06-10,220.0,0.068251539,33.48533593,11.29724591,82.60952092,48.9513864
2019-06-11,220.0,0.08584696,28.39381517,10.63591485,77.74204854,48.392652899999995
2019-06-12,209.5,0.08962052599999999,23.70446826,9.035648637000001,72.67252887,48.37049348
2019-06-13,210.0,0.07230484400000001,31.40210434,9.395822195,80.07269140000001,48.53426015
2019-06-14,200.5,0.069174925,29.28864345,9.855301382,78.84604864,48.8678345
2019-06-15,150.0,0.08195881099999999,20.64104243,7.007731722999999,71.65315701,49.51077622
2019-06-16,169.5,0.085882775,20.71634818,8.571296664,70.74251959,49.87216217
2019-06-17,210.0,0.09068518,23.25043594,10.07140089,72.74460264,49.13411129
2019-06-18,200.5,0.191455846,18.29481784,16.33112356,68.6620297,50.34194173
2019-06-19,230.0,0.09386422400000001,23.19714662,11.15355375,72.44434708,49.20777616
2019-06-20,220.0,0.069788673,29.00775202,10.94092645,79.28351672,49.36174816
2019-06-21,200.0,0.07321791,28.67199934,10.29317174,78.16859809,49.20371309
2019-06-22,189.5,0.07969382900000001,24.22138829,9.206377753,74.2222332,49.71046915
2019-06-23,180.5,0.064142968,26.54606462,8.882998146,76.76409008,49.75742579
2019-06-24,200.0,0.079867151,27.512779,10.08473424,78.09089506,49.50674438
2019-06-25,200.0,0.10251623,19.89089197,9.669410116,70.25979529,49.82934783
2019-06-26,200.0,0.103648431,19.53021122,9.80629676,69.42084906,49.92531001
2019-06-27,199.5,0.103231636,20.53886131,9.70871572,70.90043823,49.96918692
2019-06-28,200.5,0.091330434,21.60501507,9.814826829,72.1558316,49.88776914
2019-06-29,170.0,0.074470578,25.08397646,8.24282447,76.10667740000001,49.71991145
2019-06-30,180.0,0.055620464,34.34999944,8.275683301,83.31047973,48.88096132
2019-07-01,170.0,0.053841432,35.89988918,8.274977344,84.72902359999999,48.7645801
2019-07-02,210.0,0.057686757000000005,36.49522231,11.04177145,85.42336856,48.82144405
2019-07-03,210.0,0.080510766,27.47742469,10.77788252,78.29105427,49.34987191
2019-07-04,220.0,0.111819277,20.80965486,11.14826435,70.52353013,49.12228714
2019-07-05,220.0,0.06365161700000001,35.6842599,11.20314879,84.9199651,49.17273856
2019-07-06,189.5,0.058242247999999996,31.16668033,9.23392404,80.87140692,49.50000956
2019-07-07,180.5,0.054747682,33.97964738,8.689317632,83.44031868,49.39495821
2019-07-08,220.0,0.062112811,35.3679593,11.70811416,83.76423433,48.55952838
2019-07-09,230.0,0.070858053,34.62780377,11.93398218,82.87198449,48.30566349
2019-07-10,230.0,0.06405445900000001,36.53110999,11.38474589,84.70669954,48.33119568
2019-07-11,220.0,0.06257526,38.08578592,11.59012788,86.39196362,48.24183836
2019-07-12,209.5,0.059065422,38.62802828,11.11533622,86.86119207,48.10113428
2019-07-13,180.5,0.055887407,37.86582271,8.73424817,86.36249823,48.50454808
2019-07-14,170.0,0.053418978,34.46060041,8.228958856,83.30363924,48.83480058
2019-07-15,210.0,0.063795135,33.69097562,10.53311397,82.50224809,48.69977697
2019-07-16,210.0,0.06275038200000001,34.51928868,10.38569507,83.16455988,48.66937312
2019-07-17,209.5,0.061906214,34.19620416,10.62906314,82.83148184,48.68057365
2019-07-18,220.5,0.06371919599999999,36.44388262,11.26905152,85.19989971,48.45928564
2019-07-19,210.0,0.064791663,32.88504418,9.201423887999999,81.37794897,48.52359886
2019-07-20,190.0,0.066344646,28.55748766,8.568333692000001,78.15477711,49.46845505
2019-07-21,170.0,0.059275845,30.69806688,8.106667046,80.06487682,49.06339991
2019-07-22,220.0,0.06336306900000001,35.75665002,11.42998909,83.91145141,48.37068759
2019-07-23,230.0,0.063024688,40.15701976,11.48901679,87.94634393,48.14424297
2019-07-24,230.0,0.070410522,34.31675236,12.06084548,82.40218252,48.32277978
2019-07-25,250.0,0.083484081,32.33280776,11.53626216,80.23944778,48.24218679
2019-07-26,219.5,0.073876989,33.41522256,9.012592887,81.88168779,48.51143412
2019-07-27,170.5,0.067952156,25.71076826,7.441956439,76.68583143,49.41015895
2019-07-28,170.0,0.060590242,29.27849695,7.959884531,79.187126,49.77940068
2019-07-29,199.5,0.06430867,33.78871604,10.36647033,82.02660085,48.59370481
2019-07-30,120.5,0.07768484,28.81727173,9.756903596,78.07569813,48.59264889
